peak_intensity,mean_intensity,rise_time,decay_time,energy,concentration_mgl
1.141006196557908,0.29265659879009914,0.0018072289156626509,0.010843373493975905,0.014697797557332753,77.39560485559633
0.40121210799305707,0.0673652273084929,0.001606425702811245,0.007630522088353415,0.003471190667753026,16.553172273527817
1.0062656209034635,0.240216072508845,0.001606425702811245,0.009437751004016063,0.012071893313014021,64.08886345861595
1.0978684989480856,0.30501779326360895,0.0018072289156626509,0.011646586345381526,0.01531082267326413,72.51833208508688
1.1903244768107901,0.2511346129847083,0.0012048192771084338,0.009036144578313254,0.012616642117438478,70.13911012434323
1.2272001116746,0.2933658641537805,0.0014056224899598394,0.010040160642570281,0.014747847233677898,74.34599612223853
1.2565875397993251,0.33335341716878153,0.001606425702811245,0.01144578313253012,0.01673558080943079,79.30049789596303
0.8917060889321413,0.17744248810913996,0.0014056224899598394,0.008634538152610442,0.008935448462079314,43.19456610004819
1.0317390937975488,0.1901982200486633,0.0014056224899598394,0.00783132530120482,0.009610932022679026,90.00912781436826
0.7612478123431479,0.1765609288146953,0.0018072289156626509,0.009437751004016065,0.008884383050248874,42.624420318005676
1.2316446965218069,0.3524884463598459,0.0020080321285140565,0.011646586345381526,0.017694135892944343,90.21496684090012
0.2865442253215832,0.07135834034031788,0.0018072289156626509,0.010040160642570283,0.003603033355437808,9.356638560880072
0.9702077793688931,0.19400604046225473,0.001606425702811245,0.00783132530120482,0.009775527425439997,73.50804442618671
1.1317496631004407,0.2517110265492756,0.0014056224899598394,0.009036144578313253,0.012651236572258221,81.25077690501658
1.0543202876070747,0.23393289383041918,0.001606425702811245,0.010040160642570281,0.011756966688580445,57.58216050703502
1.0718694309358066,0.3010104470740891,0.0018072289156626509,0.011847389558232932,0.015112909429834535,58.61093839143664
0.9278450460632047,0.20156013596313788,0.001606425702811245,0.008835341365461847,0.010156062449039905,55.235858145043274
0.39282833606922496,0.0740198362230772,0.0012048192771084338,0.007228915662650603,0.00377369767878968,14.89778241795211
0.772938105433542,0.2230530320478567,0.001606425702811245,0.013253012048192772,0.01119882091404427,33.66070335655168
0.7180909314591207,0.14891762992100785,0.0014056224899598394,0.008032128514056224,0.007503446821918713,33.28053721226003
0.5984669004574165,0.13158388783637895,0.001606425702811245,0.009036144578313253,0.006624267094446008,26.129820102416403
1.083081813463938,0.2741510768903844,0.001606425702811245,0.0106425702811245,0.013772358393909155,62.60488772454097
0.8658673858200594,0.1238267121563815,0.0010040160642570282,0.005421686746987952,0.006285804937880009,74.62732339820062
1.2792987381661074,0.359247138189121,0.0018072289156626509,0.012248995983935744,0.01803382377412615,92.38088795840817
1.1041145782936759,0.21793875851986977,0.0014056224899598394,0.008032128514056224,0.010971269204612185,79.6016392091595
0.9551589646927162,0.1654603548940557,0.0014056224899598394,0.0072289156626506035,0.008370579575707804,69.03312613561945
0.7818112606017709,0.12574335205041784,0.0014056224899598394,0.006626506024096385,0.006405997469847776,55.83288868357085
0.7283190827067543,0.13665375608464156,0.0012048192771084338,0.0072289156626506035,0.006902290516118835,32.81229839145492
0.7293210274070734,0.15914680805634573,0.001606425702811245,0.009036144578313253,0.008026640067643696,33.981433604329304
1.0563421211256978,0.22527192353177028,0.001606425702811245,0.008634538152610442,0.011347322733918936,76.83525058504806
0.10319134374436265,0.013409046647069503,0.0014056224899598394,0.004417670682730924,0.0008157483254369548,3.3428312711904384
1.0512563571139977,0.26580040085749107,0.001606425702811245,0.010240963855421687,0.013345242764154459,64.97420403007914
0.9648263558757972,0.20052071747811667,0.001606425702811245,0.008634538152610442,0.010090482329311257,70.14011293817086
0.6732261362942614,0.14209542401179728,0.001606425702811245,0.00823293172690763,0.007176891580545158,34.38198844008101
0.8366740695159341,0.20032619175691702,0.0014056224899598394,0.009839357429718875,0.010090825926236825,40.560649958152325
0.08694805769033562,0.011407535357329884,0.001606425702811245,0.0032128514056224897,0.000721360589529808,2.4768321406245297
0.9465656083948889,0.1939489522795031,0.0014056224899598394,0.00823293172690763,0.00978321011005856,58.579925558563296
0.7899301599311861,0.16651635377905957,0.0014056224899598394,0.008634538152610442,0.008386310328466404,38.27915651139041
0.7535668360982611,0.16663323427557533,0.0014056224899598394,0.009437751004016063,0.0083914358475694,33.553717707286005
0.1961874985008435,0.042308279728768605,0.0024096385542168677,0.00783132530120482,0.0021829820927588618,5.944197328430956
1.0272529486088957,0.22671240241717758,0.0014056224899598394,0.009839357429718875,0.011394491432922657,64.57165579415387
0.8354156397855188,0.14183508077792834,0.0014056224899598394,0.006425702811244979,0.007208996043296144,77.28574224386587
1.050943298388904,0.22074814861447073,0.001606425702811245,0.008634538152610442,0.011123672797351844,88.40305511926667
0.5025320267820935,0.12579271372658846,0.001606425702811245,0.008433734939759036,0.006335235047530559,18.554982971348167
0.8002074330229849,0.13361994146876538,0.0012048192771084338,0.007028112449799196,0.006780196297351978,57.76708001561233
1.159913037521735,0.2831742743624738,0.001606425702811245,0.010441767068273093,0.014221052080668284,71.62056519771794
0.7577154849461882,0.16798198846664084,0.001606425702811245,0.00923694779116466,0.008472067240728527,35.82200690178491
0.9213933305437035,0.1395124668535601,0.0014056224899598394,0.00642570281124498,0.007090530232755965,84.37847362753934
1.0685992889516542,0.2248288865657711,0.001606425702811245,0.009036144578313254,0.011305529061576327,97.9324581370405
1.1925489501949675,0.2311514391983993,0.0014056224899598394,0.00783132530120482,0.011641735884652758,99.65342379256862
0.9755355654970362,0.20334308904242487,0.001606425702811245,0.00783132530120482,0.010244915864346124,74.51857543788691
1.0312409672065406,0.22223653461056536,0.001606425702811245,0.008835341365461847,0.011180922658102424,67.38768229283608
1.113232966419651,0.25361764159605715,0.001606425702811245,0.009437751004016065,0.012742840453836241,75.16808671545532
1.0305499272545091,0.2469008718580619,0.0018072289156626509,0.010240963855421687,0.012414756229716738,75.44032149689215
0.7848205844766145,0.15713643121659163,0.001606425702811245,0.008634538152610442,0.007942919873401563,49.82595553500458
0.34617307857408675,0.0777710040364217,0.001606425702811245,0.009036144578313254,0.003956607818695067,10.864570916350635
0.950142154630354,0.22332695522586168,0.0018072289156626509,0.009236947791164659,0.01122101113076928,58.37022785250142
0.8958381382123926,0.19926424490681638,0.0014056224899598394,0.009236947791164659,0.010030219019802706,42.995763083361304
0.844384092563417,0.18450126393814661,0.001606425702811245,0.009437751004016065,0.009282342780493029,43.5777727256493
0.3040866437094898,0.06194069651882107,0.0014056224899598394,0.007630522088353414,0.003184464330979542,9.698141373914314
0.9060694341940679,0.1958645489577405,0.001606425702811245,0.009236947791164659,0.00985488456284875,49.397001509615976
0.2722544725296201,0.0497893679625176,0.0014056224899598394,0.007429718875502008,0.002588178864628597,8.361635937751743
1.2707746265062578,0.32195495257670403,0.001606425702811245,0.010240963855421687,0.01617121759745769,88.81971977301835
0.38002857108958876,0.06619282651799521,0.001606425702811245,0.0072289156626506035,0.0033950089392045814,16.203663834884097
0.35982241029207873,0.060290415357790623,0.0014056224899598394,0.006827309236947791,0.003136096924024555,15.996467764772405
0.27754440272218955,0.057014198114225006,0.0014056224899598394,0.007429718875502009,0.002921351262015816,9.479821029570058
0.4965344700618046,0.10959095780301066,0.001606425702811245,0.009036144578313254,0.005526627098432768,19.827184332554147
0.7981557340659962,0.19434564204870683,0.001606425702811245,0.009839357429718875,0.009778224528099868,40.96921831945674
0.19119782052277268,0.027315098729842772,0.002208835341365462,0.005421686746987953,0.0014573567641881081,7.734525821951488
1.2650065661599852,0.3012110960658393,0.0014056224899598394,0.009839357429718875,0.015129539464619984,83.36754428782402
0.7425142497902192,0.18971232187016934,0.0018072289156626509,0.011044176706827311,0.009534183910557527,34.76582016792082
0.9559272965850004,0.16934470876177588,0.0014056224899598394,0.0072289156626506035,0.008582380798665603,80.51068840014496
1.09941428918352,0.25483524037642247,0.001606425702811245,0.009638554216867469,0.012813031271084505,78.39359225334584
0.7531216840279098,0.19795306869170773,0.0018072289156626509,0.010240963855421687,0.009945275157138406,35.95753470369946
0.4268770090939253,0.08257783360290644,0.001606425702811245,0.007028112449799197,0.004213419144328427,17.865273212742384
0.3281720301712741,0.066269742393734,0.001606425702811245,0.0070281124497991974,0.003388427925642241,12.831396009449792
1.1893710386093657,0.26830826692753573,0.001606425702811245,0.00923694779116466,0.01348505296075182,99.55072476569667
1.0606323848848898,0.215955196482123,0.0012048192771084338,0.008835341365461848,0.010858298577008985,58.28926551655671
1.0947217491856691,0.18628624552692646,0.0012048192771084338,0.006626506024096385,0.009424502730137035,91.13940468174694
1.157535412008278,0.2631562281835597,0.001606425702811245,0.009437751004016065,0.013218595373795893,76.98563802938389
1.0340760510881348,0.1588166055166033,0.0012048192771084338,0.006024096385542168,0.008064145614327188,79.33520352196408
0.48712327925463883,0.10397503673401295,0.0020080321285140565,0.008032128514056224,0.005273009495709425,19.364717138057898
1.336290746652907,0.3805089299217034,0.0014056224899598394,0.01285140562248996,0.019099508693104825,78.5141359190735
0.2171667358043386,0.04493177137451063,0.0014056224899598394,0.007028112449799197,0.0023397052922590274,7.439782731311972
0.10806786083189077,0.024636260374332166,0.0018072289156626507,0.008433734939759036,0.0013012673061468343,2.662193354911635
1.218448202951064,0.259335284609967,0.001606425702811245,0.008835341365461848,0.01304407507884995,98.18093895928307
1.1434639506195903,0.30950833638480973,0.0018072289156626509,0.011646586345381528,0.01553755250360586,73.1637671822657
0.6221452869472087,0.12715453931826265,0.001606425702811245,0.008634538152610442,0.006438532128982343,29.3170145983055
1.0012961095612316,0.2486699896894631,0.001606425702811245,0.010240963855421687,0.012489766847897954,62.979130802266056
0.3650317799852345,0.07273698959892032,0.001606425702811245,0.007630522088353414,0.0037023645396927008,13.026165905404785
0.9692747585220147,0.2038440393263396,0.001606425702811245,0.008634538152610442,0.010253175130602738,62.36301992462796
0.7084420567120439,0.16254973342486004,0.0018072289156626509,0.009638554216867469,0.008180178889795017,31.112341920750264
0.06170058018589626,0.011850030038350218,0.004618473895582329,0.0014056224899598397,0.0006770769323177274,1.6096111593682072
0.3388000856742603,0.08195529753417638,0.002208835341365462,0.010441767068273093,0.004151207069477893,10.237706080455943
0.08938168739947089,0.016168915217978634,0.001606425702811245,0.006425702811244979,0.0009126515863640845,2.695951437810129
1.0164637640005618,0.24789396123005886,0.0018072289156626509,0.00963855421686747,0.012461086247366419,69.92740173160288
0.8370879548351353,0.17793131645444804,0.001606425702811245,0.008634538152610442,0.008970230645827453,45.69305692563391
0.9204500185939779,0.19103510394662737,0.0014056224899598394,0.00783132530120482,0.009636029097435229,61.37351694390581
1.116436724730384,0.271784747156673,0.0018072289156626509,0.009839357429718877,0.013656685277003127,77.82465030007936
0.16466725343290195,0.03778330013628342,0.0018072289156626509,0.010040160642570281,0.0019387143041535496,4.435452750183977
0.5004557153518624,0.08211825057473854,0.0014056224899598394,0.006224899598393573,0.004204254032688357,24.724232402525416
1.3567611428803577,0.36244807847407107,0.0012048192771084338,0.01144578313253012,0.01819773107898429,80.96528911987279
0.44550788464781144,0.11410994243374999,0.001606425702811245,0.010240963855421687,0.005748586615021383,17.580345196226578
0.7134451319326081,0.14976884186689812,0.0014056224899598394,0.008433734939759036,0.007565233062089433,36.371051804894904
0.5036022417227488,0.10118176904291691,0.0012048192771084338,0.008433734939759036,0.0051525906913910706,18.935258969070844
1.0673602886359266,0.24621657789266788,0.0018072289156626509,0.010240963855421687,0.012383154798080349,89.55491984223146
0.6306811092840321,0.13658113851330028,0.0014056224899598394,0.009638554216867469,0.006884051686011129,25.223415428126305
0.5008639730841307,0.1264077207471663,0.0018072289156626509,0.011244979919678716,0.0063631107432240925,15.518700466484248
1.1465785505732407,0.25474473325708386,0.0014056224899598394,0.008835341365461848,0.012822324877369902,92.56033930982159
0.931722949134789,0.20896389723314382,0.001606425702811245,0.00923694779116466,0.010519505091220972,54.80032069558575
0.17414477189918204,0.032209725527711425,0.0018072289156626509,0.006626506024096385,0.001724938425968551,5.914166721877912
0.10207969334399222,0.0161200261783073,0.0012048192771084338,0.006224899598393574,0.0009151975748948926,2.298288879287802
1.1378739797601578,0.21259933403039347,0.0014056224899598394,0.00783132530120482,0.010723610547533647,81.64898799006626
0.08522700219166424,0.016355569680139608,0.0020080321285140565,0.004819277108433735,0.0009021163325878675,1.9010888004228121
0.951440913799262,0.1983942437249441,0.0014056224899598394,0.008835341365461848,0.010002523086178184,55.23635733932903
1.2903138365933473,0.326906838845618,0.0014056224899598394,0.0106425702811245,0.01641558959386379,87.52838277168613
0.8824325500052287,0.18933775347243453,0.0012048192771084338,0.009839357429718875,0.0095478497346384,41.38983400186267
0.35970006317387043,0.08541207342752688,0.001606425702811245,0.009036144578313253,0.0043399432506326064,11.776948602000026
1.1727642619828977,0.26159529653998487,0.001606425702811245,0.009036144578313254,0.013155523840568534,87.85162863972617
0.7527084262193604,0.13989906381065806,0.0014056224899598394,0.007630522088353414,0.007086081341882339,43.10680117341202
0.7542751177209076,0.1659133234676878,0.001606425702811245,0.009437751004016065,0.008375919920639489,35.160588041673435
1.0966280323094015,0.2008605603146713,0.0014056224899598394,0.0070281124497991974,0.010133869380915102,76.87055556533724
0.901825927829253,0.21872376483510783,0.0018072289156626509,0.009839357429718877,0.010987763979675125,54.111456272073454
0.9083948833562692,0.2290967529467683,0.0018072289156626509,0.0106425702811245,0.011513608341497495,47.921346142204854
0.840251360909858,0.21093168335517287,0.001606425702811245,0.010843373493975905,0.010598019925639546,41.54790931220048
0.6109358685446745,0.1283105719794558,0.001606425702811245,0.009236947791164659,0.006477047395343407,23.389194087117605
0.02940398242312888,-6.692448808521267e-06,0.0,0.00020080321285140257,0.0002381232470438625,0.015202940505454343
1.0806692628789387,0.28538932215741525,0.001606425702811245,0.01144578313253012,0.014328390971632726,59.531546995023376
0.9847327333147317,0.2735475037340362,0.0018072289156626509,0.012248995983935742,0.013739110139118571,48.53368280887522
0.6104721438998765,0.16965949206536737,0.0020080321285140565,0.011646586345381526,0.008517788336104556,21.456264853659412
1.2112554869912908,0.2326240109929668,0.0014056224899598394,0.00823293172690763,0.01171488318317436,92.14681140506002
0.7514751263781384,0.11233773814884815,0.0010040160642570282,0.006024096385542169,0.005726594029599207,39.71027591518613
0.6300876901807239,0.12154597447864683,0.001606425702811245,0.008634538152610442,0.006159309694020119,27.88655970253009
1.1976804203333273,0.2999784657748276,0.001606425702811245,0.010642570281124497,0.01506492022942459,72.75803661277624
0.37969801040788975,0.08620182312999886,0.0018072289156626509,0.00923694779116466,0.004372759423656763,13.522576532803054
0.7412256694862476,0.14458353411402028,0.001606425702811245,0.00783132530120482,0.007302604811976708,40.87813792321826
1.1761128063969315,0.21394260604919413,0.0014056224899598394,0.007630522088353415,0.010786584086401206,95.06654529042675
0.6816111521339187,0.15535366742631096,0.001606425702811245,0.00923694779116466,0.00781659109705968,32.49192475325976
0.7800858460419793,0.14240040738585755,0.0014056224899598394,0.006425702811244981,0.007213080538262919,53.526834731245096
0.9421852946603643,0.25251825690910407,0.0014056224899598394,0.010843373493975905,0.01267582434284889,42.97660894329566
0.29280987137473186,0.06579662111245053,0.0020080321285140565,0.009437751004016065,0.00333142674500112,9.466765067049144
1.0804613110824943,0.2452472404794611,0.0018072289156626509,0.008835341365461848,0.01232198639894859,86.58106001180403
1.0161387721661077,0.24742572252391778,0.001606425702811245,0.010441767068273093,0.012429756458924225,61.718479385528745
0.8294208067709327,0.15451389622317957,0.0014056224899598394,0.007630522088353414,0.007800736012741477,46.86258464820481
1.073085068189163,0.23623585400190997,0.001606425702811245,0.009036144578313254,0.011881669415741012,84.42495197291002
1.0398703730256598,0.24944868861265804,0.0012048192771084338,0.010441767068273093,0.012534444395912775,50.44380747643101
1.1695526219010008,0.3160983864729906,0.001606425702811245,0.011646586345381526,0.015867904218234478,64.1077336469116
0.759215792106107,0.23411792470541873,0.0020080321285140565,0.014056224899598395,0.011752265369745829,34.239252976119225
0.8880276629960003,0.19256619829024016,0.0014056224899598394,0.008835341365461847,0.009698463494403068,46.377153053654915
0.8822281660589821,0.1437283805540895,0.0012048192771084338,0.0068273092369477905,0.007289995950130832,51.86474338754474
1.225170880938419,0.32447921213473063,0.0018072289156626509,0.011244979919678716,0.01629664000828193,96.42660494012839
0.8131006057261191,0.1708349631324823,0.0018072289156626509,0.008433734939759036,0.008606772599817568,48.14402955211644
0.7625828044307197,0.1969137231457284,0.0018072289156626509,0.009839357429718875,0.00989595443344076,34.43730211608086
1.2194111130512144,0.3326608650133031,0.001606425702811245,0.011244979919678716,0.016700108532137197,83.77822146990704
1.1046122814965185,0.2490880439817176,0.0014056224899598394,0.010040160642570281,0.012513128617770963,78.56278134607477
0.35169032336134176,0.08754144690256185,0.0018072289156626509,0.009437751004016065,0.004419412648849312,12.12429613181033
1.139607996311912,0.2183866823894221,0.0014056224899598394,0.00823293172690763,0.011008045904726444,94.44316778021657
1.1823915793823458,0.28255170139897307,0.001606425702811245,0.010040160642570281,0.014190942043168448,94.25571677470317
0.8878456734350727,0.15293367383453754,0.0014056224899598394,0.0070281124497991974,0.007743256931999046,67.37422379145025
0.7679001226139699,0.14944292746569182,0.0014056224899598394,0.008032128514056226,0.0075360644481927645,40.17804620446764
0.528854778899978,0.13955258063128795,0.0020080321285140565,0.010843373493975903,0.007020272217445729,20.56005496198918
0.6980934468226123,0.1293433651158736,0.0014056224899598394,0.0070281124497991974,0.006577402024481515,38.26680823869722
0.31666808637443744,0.05494799796558919,0.0020080321285140565,0.006425702811244981,0.0028634051562401474,13.72248398616569
1.0408309996728782,0.31622155908567656,0.0020080321285140565,0.012449799196787147,0.015874524137720454,55.763027916984996
1.2448767880018328,0.3022917569737724,0.001606425702811245,0.010040160642570283,0.015186934440696385,92.44034285049236
0.7637954930721336,0.15612721555681472,0.001606425702811245,0.00783132530120482,0.007877357832670682,43.420495172237416
0.45134289786142684,0.11242672867303036,0.001606425702811245,0.010843373493975905,0.0056792611139218135,15.789820345396176
1.0757344876632238,0.23273324518967126,0.001606425702811245,0.009036144578313253,0.011709711007139188,86.40301375423503
0.8626707454753303,0.19594562337334154,0.001606425702811245,0.009638554216867469,0.009868469368970513,49.51851308466645
0.9378681637593956,0.17808011526656606,0.0014056224899598394,0.007429718875502008,0.008994748899312491,67.47241453989223
0.8937404224636879,0.17155996467816367,0.0014056224899598394,0.00823293172690763,0.00866340384799159,54.47527308769479
1.2168343123394962,0.2752083519621467,0.001606425702811245,0.009638554216867469,0.01382696950775318,84.82553817797373
1.1728044303999705,0.29253636282420364,0.0014056224899598394,0.010843373493975905,0.014692462804038811,70.53692781308766
0.5997997261438003,0.14396122635071304,0.001606425702811245,0.010240963855421687,0.007236506743143427,26.102233742810544
1.1436105210665313,0.2328394524044983,0.0014056224899598394,0.00823293172690763,0.011736089419700823,86.33326822824289
1.1707755652603038,0.22691562589319672,0.0012048192771084338,0.008433734939759036,0.011418253786453416,91.62403000196208
0.797373694068236,0.20130482442820993,0.0018072289156626509,0.009437751004016065,0.010111585014927675,37.44387905189822
0.9199992357629514,0.21428142119349955,0.0020080321285140565,0.00963855421686747,0.010786190372736022,60.31388080236136
1.2184823497582047,0.31670966161288977,0.0018072289156626509,0.011244979919678714,0.01590858571286113,91.43675162524042
0.9232645454760788,0.19312116874655727,0.0014056224899598394,0.008835341365461848,0.009731993991276658,55.81372149424008
0.5868661383775998,0.14507196841872666,0.0014056224899598394,0.010441767068273093,0.007292524309159987,19.05167039859681
1.0727718792149872,0.23760578231817228,0.001606425702811245,0.009437751004016065,0.011943121060890814,88.9899213660638
1.3473912740224423,0.2446828107805837,0.0010040160642570282,0.008032128514056226,0.012326581472225512,95.85423977434665
1.0022052688750083,0.21559883594983728,0.0014056224899598394,0.009036144578313253,0.01085239053204637,57.70926294409604
0.3460145481098705,0.06764688192773129,0.001606425702811245,0.008032128514056226,0.0034733168462108338,11.780216040069325
0.8151563634590978,0.1667485543468442,0.001606425702811245,0.009036144578313253,0.008425624297649537,49.26616763472934
1.1332824058300637,0.23014173089741774,0.0014056224899598394,0.008634538152610442,0.01158756284932236,94.59185524381986
0.43377475885917044,0.08025735043221015,0.0012048192771084338,0.00783132530120482,0.004109526156216286,17.51849076259341
0.06008374400437171,0.008542222387316431,0.006827309236947791,0.00020080321285140517,0.0005364540672963004,1.269473495084883
1.090610645079737,0.3029006577877438,0.0020080321285140565,0.011847389558232932,0.015212535504151813,69.37232506127339
0.5323766799080075,0.1330902864805299,0.0014056224899598394,0.010441767068273093,0.006696816319417722,19.134050520207936
1.1172744172160305,0.25847586394896693,0.001606425702811245,0.010040160642570281,0.012994312175110163,71.68980209494376
0.6105627581817268,0.11014525877879863,0.0014056224899598394,0.0072289156626506035,0.005603533169344162,29.050751262407626
0.027242519450162317,-0.00023819034785597473,0.010240963855421687,0.00020080321285140604,0.00021111825534259607,0.0643871747159741
0.9231038012758913,0.20305204076328204,0.0014056224899598394,0.00963855421686747,0.010217238003613507,49.806626808547605
0.22306211468174397,0.039520356293726924,0.0014056224899598394,0.008032128514056226,0.0020723667466068557,6.682754853053597
0.5112047189831738,0.10704731117605057,0.0020080321285140565,0.008835341365461848,0.005416754450388872,26.105386096451035
0.9181592401205245,0.18673342386374925,0.0012048192771084338,0.008835341365461847,0.009412534600122533,46.81573777378897
0.8635534369197642,0.23422134716112034,0.0020080321285140565,0.010843373493975905,0.011762059440261392,40.6099339088487
0.20562591720860057,0.04411147207167557,0.001606425702811245,0.008634538152610442,0.002269684063019941,6.514992143517917
1.0402170167618843,0.21927127577182876,0.0014056224899598394,0.008433734939759036,0.01104585492937361,73.64489660469428
0.6846989872231872,0.14261356400214442,0.0018072289156626509,0.008433734939759036,0.007180061085917525,24.20082168003144
1.1456481634412228,0.2424463147241255,0.0014056224899598394,0.009236947791164659,0.012187640131486398,64.17244253457379
0.903867745484357,0.16236453949437102,0.001606425702811245,0.007228915662650602,0.008199097108463584,74.58656819683227
0.9869839421987522,0.15960738231367022,0.0012048192771084338,0.00642570281124498,0.008075566884888348,81.41502820680886
1.1469856618255867,0.272069288183418,0.0014056224899598394,0.010240963855421687,0.013664670563225801,64.87183655182417
0.9974794435017197,0.2092299372156857,0.0012048192771084338,0.009236947791164659,0.010535803757515626,51.243237464642554
0.5645158575087824,0.1109109238674802,0.0014056224899598394,0.008433734939759036,0.005617280109332045,21.17409170311564
0.065946294121113,0.009707038411851375,0.0018072289156626509,0.005421686746987953,0.0006295876809369351,1.5551987451552507
0.5521518903889433,0.11766956324010065,0.0012048192771084338,0.00923694779116466,0.0059398563596344345,20.406657677059712
1.2173930993419875,0.261816961942301,0.0014056224899598394,0.009437751004016065,0.013164738805567039,96.01368351308645
0.23528591936474721,0.05620603354915752,0.001606425702811245,0.00963855421686747,0.002875725609106805,7.091035643312448
0.3595188488304426,0.06631950985623525,0.0018072289156626509,0.007831325301204818,0.003421945118239589,14.145441648410827
0.6459391879170081,0.12081799388228885,0.001606425702811245,0.00823293172690763,0.006121184652007749,29.57027638347186
0.9837531320335946,0.17714048205326763,0.0012048192771084338,0.0074297188755020095,0.008937857411042235,58.48756083266865
0.7042988895285917,0.12252430978791014,0.0014056224899598394,0.006626506024096385,0.006212549189812418,36.77248126877268
0.9978857540405293,0.1650128753755285,0.0012048192771084338,0.006425702811244979,0.008335501931514597,87.64784713960151
0.974437419513878,0.21426221312821175,0.001606425702811245,0.008433734939759036,0.010780787437721139,62.96373876739878
1.18050216250993,0.28789731245245104,0.001606425702811245,0.010040160642570281,0.014460791389800725,81.02660865620699
1.1812320588418186,0.28623827218377274,0.001606425702811245,0.010441767068273093,0.01438097889624038,76.38441865505582
0.32037321553614034,0.08255950681167941,0.0020080321285140565,0.010040160642570281,0.00418414327005605,10.72752049638831
1.253863556094858,0.4037052732862359,0.0018072289156626509,0.014056224899598395,0.020261474388572013,66.9712195298839
1.1699740289922802,0.27249275241844023,0.001606425702811245,0.009638554216867469,0.013685055221301024,91.1209293365976
1.1873319781375749,0.25978298685926526,0.0014056224899598394,0.009036144578313254,0.01305274251447003,82.27707486685318
1.1713892131970665,0.24011622971262306,0.001606425702811245,0.008835341365461848,0.012091503376046354,97.95257400797345
0.5719812382161041,0.09299341438581898,0.0018072289156626509,0.007429718875502009,0.0047486918359905105,30.611703109766285
0.7941582512254528,0.19915755548895347,0.0018072289156626509,0.010843373493975903,0.01001520209954529,38.181224998695484
0.5148254081273239,0.13099709429200493,0.001606425702811245,0.010240963855421687,0.006595183044478755,19.736676740427196
1.0578694667432735,0.23303632602776822,0.0014056224899598394,0.009437751004016065,0.0117215154434095,67.69747057054062
0.33280021644383295,0.04678820835033467,0.0012048192771084338,0.005421686746987952,0.002474255532761246,15.274540862602304
1.1642252837665201,0.2839767814934319,0.0014056224899598394,0.010843373493975903,0.014259617039891771,61.6236732116786
1.1512349742529204,0.2658185795769876,0.001606425702811245,0.009638554216867469,0.01335474277655642,85.1329310901541
1.2195428975762028,0.2852800786245482,0.0014056224899598394,0.009437751004016063,0.014332581823189836,84.69527346610158
0.5321397178886428,0.12356908935111229,0.001606425702811245,0.009437751004016065,0.0062227288173130006,21.126580795153682
1.0020425629254641,0.23226833719721693,0.001606425702811245,0.00963855421686747,0.011673942412578102,57.74847428893386
1.0649892985695502,0.1916704238083988,0.0014056224899598394,0.007831325301204818,0.009698762076677242,80.35744738036452
0.31700050706057353,0.06853184036337247,0.001606425702811245,0.009036144578313253,0.003515700936123185,11.004325606981302
1.1489144109676508,0.291874510520515,0.001606425702811245,0.010843373493975905,0.014659603858801811,69.12461109566162
0.8882659777124821,0.14129637510308293,0.0012048192771084338,0.006626506024096386,0.007190508982980424,66.58996178940107
0.6375616722953791,0.17201698329980986,0.001606425702811245,0.01104417670682731,0.008639788192462897,25.475961934620905
1.1346379507235247,0.19620233295981113,0.0012048192771084338,0.007429718875502009,0.009898179694009173,92.44333700447055
0.8020502597837434,0.18081768297352308,0.0018072289156626509,0.009236947791164659,0.009106520843674101,44.0201232070876
0.7094071437823052,0.16182025117394527,0.001606425702811245,0.010040160642570281,0.008151373110678335,31.943323471592077
0.8061607628202138,0.12392068752617197,0.0010040160642570282,0.006425702811244979,0.006301434322763925,39.667970786699655
1.1151789809854373,0.27168355751488876,0.0014056224899598394,0.010240963855421687,0.01364628765243683,60.87575173004718
0.9800694378916962,0.2640099086358991,0.0020080321285140565,0.011445783132530122,0.013254608296441438,58.69527565052146
0.6369687089265152,0.10540090702076413,0.0018072289156626509,0.0068273092369477905,0.005378674594521211,46.543162959098005
1.0135135527830361,0.2314198564577255,0.0018072289156626509,0.009638554216867469,0.011638964087017551,70.48313365081287
1.2470197858145604,0.3241694221128481,0.001606425702811245,0.010843373493975905,0.016274532032152945,92.34079864425483
1.1191862824301257,0.20828231429158905,0.0014056224899598394,0.007028112449799197,0.010521418786735915,92.20759683836218
0.9061607285282657,0.1877444304114368,0.001606425702811245,0.008433734939759036,0.009479736272877702,62.163338261428166
0.25483282874194535,0.06511006810887235,0.0018072289156626509,0.00963855421686747,0.0033006152050713902,8.263710127160751
0.08141306096906659,0.011031868967088741,0.0038152610441767073,0.0006024096385542164,0.000697960288147718,1.9819132648669524
0.1364917886014419,0.022390040920334503,0.0018072289156626509,0.0050200803212851405,0.0012509579737240808,4.366265580428741
1.0187892040822375,0.19563134478371427,0.0014056224899598394,0.008232931726907632,0.009860601426866249,72.86920821070237
0.5749604129804697,0.11626021936237736,0.0020080321285140565,0.00783132530120482,0.005881402753590262,30.5863566328311
0.8810140649999514,0.17899962389916965,0.001606425702811245,0.008433734939759036,0.009014645096258187,60.324799197582536
1.1905482633254245,0.2671416903162448,0.0018072289156626509,0.009437751004016063,0.01344492831597811,96.47808776466277
0.8735802868491347,0.21391307848617075,0.001606425702811245,0.009839357429718875,0.0107495918855001,43.399401219620636
0.37338559283953215,0.10217722652569537,0.0024096385542168677,0.012048192771084338,0.005148105543666057,13.222796565307227
0.9929346945856299,0.1863251164802061,0.0014056224899598394,0.00783132530120482,0.009386745614132544,81.4342470956667
0.49128152959191373,0.09055413734672597,0.0014056224899598394,0.0070281124497991974,0.004600236619472659,20.13223876447959
0.7892682389744881,0.14010424374410485,0.0014056224899598394,0.0070281124497991974,0.007091839520107459,40.743796016107225
0.919305978735715,0.1804650555751566,0.001606425702811245,0.008032128514056224,0.00910013692147937,53.97236276805357
1.0819037472620854,0.24185659290136452,0.0014056224899598394,0.009437751004016065,0.012156460013107898,57.33962895611337
0.11658758474191427,0.019265274666484266,0.0020080321285140565,0.0050200803212851405,0.0010598429249816814,3.4237797307491102
0.6365623189955364,0.1489215132143068,0.001606425702811245,0.009236947791164659,0.007496429356673626,31.744280191199348
0.048848385870185695,0.007826376756526745,0.002208835341365462,0.0008032128514056224,0.0005397941417280472,0.7872573587943132
1.121693965308941,0.28631151088120477,0.0018072289156626509,0.011244979919678714,0.014376549458813514,74.5539541801184
1.162258940684361,0.23824599914781977,0.0014056224899598394,0.008433734939759036,0.011990423001744402,93.89861743740641
0.5932234868697192,0.10157261551922164,0.0012048192771084338,0.0072289156626506035,0.005168764163761556,27.60304061690001
0.360669118087218,0.06839285292072304,0.0014056224899598394,0.007429718875502008,0.0035271269751501358,14.404131335872028
0.8405874570391207,0.1842459982132899,0.0018072289156626509,0.010040160642570281,0.009304431021235073,47.27228831716941
0.659242475042739,0.15580813478371863,0.0020080321285140565,0.009839357429718875,0.007852679226400188,29.6784081009424
0.6374534541611918,0.16883162980592847,0.001606425702811245,0.01104417670682731,0.008489203313543074,25.836556395588005
1.0106543035697046,0.2441360119331344,0.001606425702811245,0.010240963855421687,0.012265974690701599,66.57055875682245
1.197310993878278,0.2782531076479015,0.001606425702811245,0.009638554216867469,0.013986009280913883,93.02657786150296
1.2603414407755578,0.37600567365813514,0.0018072289156626509,0.011847389558232932,0.018871777829909925,85.11251050405757
0.0628598773421499,0.01056711855028854,0.004417670682730924,0.0014056224899598388,0.0006724868087547528,1.376943676762854
1.0914030280545761,0.28302010087595947,0.001606425702811245,0.010642570281124497,0.014207827929591644,61.61711419057509
0.05193333347163696,0.00826735377885751,0.0012048192771084338,0.004618473895582329,0.0005191844853234362,1.3394535946556818
0.28279733809722524,0.07436963450440562,0.0014056224899598394,0.009036144578313254,0.0037604275007190554,9.225785664097696
0.486149261196255,0.08481172784185328,0.0012048192771084338,0.0070281124497991974,0.004335128944294945,22.93872089818794
1.1954698578018366,0.26255046156284834,0.0014056224899598394,0.009437751004016063,0.0132003564965639,80.42830387835244
0.568293575130257,0.12179101121392884,0.001606425702811245,0.008433734939759036,0.00615849506320614,27.858410066907368
0.8094895851624512,0.19112721197068896,0.001606425702811245,0.009236947791164659,0.009619878634471241,39.90396592824348
0.9947223215441527,0.2662980377280537,0.0018072289156626509,0.012048192771084338,0.013372949041500446,61.77312607195381
0.6692284350378052,0.1552594778922843,0.001606425702811245,0.010040160642570281,0.007807350217707578,31.89005383919814
1.3025293144163679,0.36652868041541964,0.001606425702811245,0.011847389558232932,0.01839844041071568,92.08392584956725
0.2728902175818748,0.055185758917595064,0.0020080321285140565,0.008032128514056226,0.002820642978203541,8.51821506785827
0.7266325107894243,0.15705805976165146,0.0014056224899598394,0.008634538152610442,0.00791644378364405,33.6142684682013
0.5112684545659077,0.1356271180344425,0.0018072289156626509,0.010843373493975905,0.006823554397686856,20.132214180418895
0.8190613718955463,0.18943673363139213,0.0020080321285140565,0.00923694779116466,0.00953309425411263,38.069252520346
1.1617928874249774,0.23575906162824684,0.0014056224899598394,0.00823293172690763,0.011859460838545903,78.4747276445915
1.3076376675237935,0.3266831681087609,0.001606425702811245,0.010843373493975903,0.016407645644373248,98.73617623312556
0.5382332276221412,0.102904418263252,0.0014056224899598394,0.007228915662650603,0.005242679748897278,25.667264394883947
1.0825438087003383,0.24556818264662575,0.001606425702811245,0.010240963855421687,0.012346528256565355,69.27293813715971
0.3290110153496995,0.06261150143175043,0.0018072289156626509,0.006425702811244979,0.0032221897190244184,12.684750956849289
1.0696312770984253,0.21518963855083945,0.0014056224899598394,0.008634538152610442,0.010832376689113127,76.5419272212111
0.8105059700067827,0.1621887089110275,0.001606425702811245,0.007831325301204818,0.008174539727176335,51.037004010503715
0.9346068097486698,0.21815854329470807,0.0020080321285140565,0.010040160642570281,0.010966703024387861,58.540201731789054
0.9036769598364265,0.16319921511701407,0.0012048192771084338,0.0070281124497991974,0.008228246006424689,54.031828530521054
1.073095966216264,0.20041982583696896,0.0012048192771084338,0.008032128514056224,0.010113357798503822,78.12419830683973
1.1436731545900323,0.2982671807396787,0.0018072289156626509,0.010843373493975903,0.014980658410593355,65.49363985011988
0.8757240932540492,0.17990016832567376,0.001606425702811245,0.00783132530120482,0.009089739604413689,57.394828776930225
0.6195485781998518,0.12694854834078592,0.0012048192771084338,0.00823293172690763,0.006426721361540565,25.273574277338597
1.1758451151651552,0.22881010808181987,0.0012048192771084338,0.00823293172690763,0.011508911124251795,72.55209276308378
0.9028303543841658,0.18927598041812033,0.0014056224899598394,0.009437751004016065,0.009554388839520112,52.595570379677525
1.084239385067079,0.22822104977206942,0.001606425702811245,0.009036144578313253,0.01149580954505246,77.96569465379764
0.5373861389541272,0.10849319273097999,0.0014056224899598394,0.008835341365461848,0.005488082129355823,21.3714083552366
0.23631669054128038,0.04604085771575491,0.001606425702811245,0.008032128514056226,0.002392071285256252,8.122504949050258
0.19386253834424116,0.04015549476182503,0.001606425702811245,0.008835341365461848,0.00208002988439812,6.687469209885554
0.24127938951491926,0.053152901880583914,0.0020080321285140565,0.009437751004016065,0.002717776770865784,7.591341398565932
0.9100216759704175,0.22439944196089845,0.0014056224899598394,0.010843373493975903,0.011284139397049933,41.749421721699434
0.32887444316436265,0.08538632661336096,0.002208835341365462,0.010642570281124497,0.004321296897675846,11.367380984001196
0.7352675077173421,0.1848430009830274,0.0020080321285140565,0.010040160642570281,0.009289686143348347,36.506511900410054
1.1784830598683615,0.21416720657727306,0.0012048192771084338,0.0072289156626506035,0.010794314368459176,90.08291946311483
0.7472551616377259,0.15802242793078763,0.001606425702811245,0.00823293172690763,0.007968081831039406,40.1620010527199
0.4521326377882156,0.08322110428915536,0.001606425702811245,0.007630522088353414,0.0042347185353735686,18.03381956809449
0.7400214933289185,0.1379268227930349,0.0012048192771084338,0.007429718875502008,0.006975687062816694,39.579875234851
1.1203044523021795,0.19533703494158972,0.0014056224899598394,0.0070281124497991974,0.00985172034147037,90.06723098948642
0.26306690028096863,0.04691211727049382,0.001606425702811245,0.007429718875502008,0.0024396075919431463,10.960995540423934
0.5888967130294372,0.12955912640537298,0.0018072289156626509,0.008634538152610442,0.006546307815460799,27.683064318240202
1.174339752896531,0.2678746816942137,0.001606425702811245,0.009638554216867469,0.013458318926904168,81.60777558404534
1.291896549941019,0.30940241256550016,0.001606425702811245,0.010040160642570281,0.015551864201639076,99.83209032782891
0.5717033413851295,0.1393953525920242,0.001606425702811245,0.010240963855421687,0.0070330431884355095,22.887496187667722
0.9436191821721833,0.20717683554942723,0.0018072289156626509,0.009236947791164659,0.010425126761460709,60.70530652253917
1.0101481311534113,0.19499904208686403,0.0014056224899598394,0.008032128514056226,0.009840355427612366,75.27857353063744
0.8305657918998348,0.14950934380356717,0.0014056224899598394,0.006827309236947791,0.007571503181996702,57.46196345840906
1.186201872068775,0.31354132706521576,0.001606425702811245,0.011244979919678716,0.01574202068560785,64.95024350471238
0.7387764767122812,0.16350090330351977,0.0014056224899598394,0.009036144578313253,0.008220055893921704,33.18211569678399
0.8717580055946264,0.1867843124005271,0.0014056224899598394,0.00923694779116466,0.009406442521627822,39.49561017480339
0.8252169835796463,0.20483577492793484,0.001606425702811245,0.01104417670682731,0.010284312203056256,40.52580527168943
1.1316433840507587,0.22237621484465608,0.0014056224899598394,0.00783132530120482,0.011192175067861432,85.8281432054328
1.0174199565855553,0.2293057128248535,0.0018072289156626509,0.009437751004016063,0.011536541558874734,63.70410345138144
0.48579606145728654,0.09341917894007083,0.001606425702811245,0.007831325301204818,0.00475389346282701,21.608282353056076
0.9342398366492505,0.1915580956919778,0.001606425702811245,0.009036144578313253,0.009666918722938508,72.64331164191314
0.7808035746750791,0.194308098407935,0.001606425702811245,0.01104417670682731,0.009774549210995073,37.6660714614748
1.031852254619102,0.2743615473214321,0.001606425702811245,0.01144578313253012,0.013776949379078472,60.446659933230684
1.040863919858711,0.17425603929543595,0.0012048192771084338,0.007429718875502008,0.008811928027766616,89.42029522874242
1.0801391813024452,0.22565920241695123,0.0014056224899598394,0.008634538152610442,0.011362585383154527,77.499341806242
1.146354853255835,0.23601910663023165,0.0014056224899598394,0.008032128514056224,0.011875430267616467,93.01793991037079
1.2333406625971772,0.32153447666260865,0.001606425702811245,0.011445783132530122,0.016146806919611983,80.26291527156476
0.04198199503390769,0.0014832873566612483,0.0024096385542168672,0.0002008032128514056,0.00025278799629169777,0.6836437730734279
1.1154393318668552,0.2657179500122783,0.001606425702811245,0.010040160642570281,0.013350369904049341,74.24698612554933
1.1653458619719368,0.27031498765201123,0.001606425702811245,0.009036144578313254,0.01358800559137421,86.36569152638323
1.1200740236127693,0.29862873956140207,0.0018072289156626509,0.011445783132530122,0.014996742883299672,74.01535410364225
0.06137328886568723,0.012142932577465187,0.004417670682730924,0.002008032128514057,0.0006930371549312613,1.3201140524626953
0.7393454871337009,0.15074049440614185,0.001606425702811245,0.008032128514056224,0.007620808922926083,42.35325732353537
0.43307743433241375,0.08418290682728899,0.0020080321285140565,0.007630522088353415,0.0042980143655822235,16.58189855199794
0.9337018194014334,0.1278679370059933,0.0012048192771084338,0.005823293172690763,0.006507533349391171,62.16604229709767
1.3910475442058727,0.3438436383986242,0.0014056224899598394,0.010843373493975905,0.017260107481281962,99.58936131931098
0.24790068310631308,0.05660183034666772,0.001606425702811245,0.008433734939759036,0.002907353479374076,7.805133490071103
1.1385785210170205,0.25217858110718766,0.001606425702811245,0.009437751004016065,0.012671590497747291,73.43642225288878
1.063218264139295,0.22032760766964732,0.0014056224899598394,0.009036144578313253,0.011087834088891304,77.92310245973385
1.1759019457632969,0.30578980351655155,0.001606425702811245,0.011445783132530122,0.015351466888376396,71.85681652766385
1.1856848289860964,0.27705335636918815,0.001606425702811245,0.009839357429718875,0.013929996511044778,93.94022822152115
0.3790330406070665,0.10289634380184248,0.0018072289156626509,0.012048192771084338,0.005183421442077628,12.0219171991786
0.6021046706046582,0.14038950788494864,0.001606425702811245,0.009437751004016063,0.007086812101760141,24.063538393015925
0.44066116144093553,0.08331129258621597,0.001606425702811245,0.007630522088353414,0.004265494223628754,17.393656976318805
0.24039308776821633,0.04226919664183706,0.0012048192771084338,0.007429718875502008,0.0022178609008582607,9.061204327635542
1.0197754131704753,0.1968625279369618,0.0014056224899598394,0.007429718875502009,0.00994007477324321,70.22711513326215
0.8340602180327509,0.1182696878635319,0.0010040160642570282,0.006224899598393575,0.00602893407420674,52.76781954730306
0.8248691418329902,0.14265934730504518,0.0012048192771084338,0.0070281124497991974,0.007218778313511874,56.0033734486863
0.38647806473834,0.08283182141968261,0.0018072289156626509,0.008433734939759036,0.004213282210938961,13.730056704474025
0.9784552491047153,0.2235086849727786,0.0014056224899598394,0.010040160642570281,0.011251815135603686,53.17593602315287
0.38462028342624877,0.08231490167449702,0.0014056224899598394,0.007630522088353414,0.004186622222637881,13.860923080714581
0.47564408478308096,0.09223087110266237,0.0020080321285140565,0.006626506024096387,0.004688520583135355,19.316092833119924
1.0601135158781798,0.21920744135070075,0.0014056224899598394,0.008433734939759036,0.011042910251666285,67.62495054931587
0.9529049457251424,0.182681950604476,0.0014056224899598394,0.007630522088353414,0.009220226305336782,55.43258146326856
1.088983803325591,0.2985655854873099,0.0018072289156626509,0.011445783132530122,0.014991537558244368,60.67571045020627
0.2814330622819958,0.04395550477210015,0.002208835341365462,0.006024096385542169,0.002303658050753267,10.494713293039126
1.1722387812268504,0.2504609718441604,0.0014056224899598394,0.009236947791164659,0.012591953173689783,83.61262341588362
1.3006578820648307,0.2913302495158777,0.0014056224899598394,0.009036144578313253,0.014638958496786834,99.10513022971911
0.6300893729529462,0.13356724896129737,0.0012048192771084338,0.009236947791164659,0.006741050534597578,25.279392110510713
0.3082452733007011,0.06903755187514206,0.0020080321285140565,0.008433734939759036,0.003532952673138056,9.227700892091473
0.9397290460012306,0.237864299566071,0.001606425702811245,0.0106425702811245,0.011951555583618743,47.62354038869157
0.7471917857517076,0.18393361179788797,0.0018072289156626509,0.010040160642570283,0.009256007917358033,33.960272046695174
0.7182539573569282,0.142902278058455,0.0012048192771084338,0.008433734939759036,0.007217637448212791,26.422035849605074
0.49034497733129995,0.12015146792280872,0.0018072289156626509,0.010040160642570283,0.006068001097489507,18.379469175562136
0.5204403708531202,0.08806779065914173,0.0014056224899598394,0.006827309236947791,0.004503567290623493,25.7672406672526
0.70627327014055,0.15875975073173676,0.001606425702811245,0.008634538152610442,0.008006283373256342,32.324663287078955
0.30672406461079615,0.0748143538575153,0.0020080321285140565,0.010040160642570283,0.00378580654925047,10.62046710753577
0.8880489169042858,0.1945642582034398,0.0014056224899598394,0.008835341365461848,0.009795578648815983,45.436387143735246
0.11827285936195323,0.021261720214838666,0.0010040160642570282,0.0048192771084337345,0.0011648119301129346,3.2138759373672388
0.8896413874018146,0.21541261236315978,0.0014056224899598394,0.010843373493975905,0.010823110896565112,35.92839224854289
1.0255264039564553,0.23984248529714855,0.001606425702811245,0.009839357429718875,0.012047305490987143,59.30975935361108
1.3708305746603089,0.4350929604543721,0.0018072289156626509,0.014457831325301205,0.02183925359575237,89.56676634613771
0.5131476529240648,0.10839112931152152,0.001606425702811245,0.00823293172690763,0.005499272739145595,22.663788081570136
0.542179543945945,0.10420633622217342,0.0012048192771084338,0.007630522088353414,0.005322022180085937,22.382264228899807
1.0757792949251301,0.21074129444420972,0.0014056224899598394,0.008032128514056226,0.010633167838066136,73.03708509157971
0.6752290181564042,0.1723187371756842,0.001606425702811245,0.010040160642570281,0.008659517362220705,27.16532814126008
0.8368367162450024,0.19948915757493005,0.001606425702811245,0.009839357429718877,0.010023236807011946,42.35172888837022
1.197358038230615,0.22159992070921686,0.0012048192771084338,0.0074297188755020095,0.011162460608763901,94.33856084655669
0.8712979414854575,0.1812365520456578,0.0018072289156626509,0.00783132530120482,0.009129001056670432,57.348678243902576
0.6412587364112726,0.07463850823210315,0.0010040160642570282,0.0050200803212851405,0.0038877486631086334,59.923653495020034
0.9914733214378739,0.30343543673554857,0.001606425702811245,0.01385542168674699,0.01523104045371526,44.46006769156554
0.537497448346641,0.13402036271548645,0.001606425702811245,0.010642570281124497,0.006744602669742054,20.26351287218806
0.6796947924878988,0.12377517129472239,0.0012048192771084338,0.007831325301204818,0.006260504526301039,33.558316146756475
1.1910759518535479,0.29436120311693154,0.0018072289156626509,0.010240963855421687,0.014792943015000285,89.28854572971797
1.214545832080796,0.24712996538289658,0.0014056224899598394,0.00823293172690763,0.012448093740620357,98.98127795331423
1.132539788621544,0.2681392026451983,0.001606425702811245,0.010040160642570281,0.01347831187418104,81.14529564825571
0.16151656517378513,0.02984679445511246,0.0026104417670682733,0.00642570281124498,0.001590628061366904,5.2279513848161425
0.1966436237133825,0.04003580156081286,0.001606425702811245,0.009036144578313254,0.0020739578700298164,5.864885361467653
0.15251739202196887,0.025741445040843306,0.0018072289156626509,0.005823293172690763,0.0014227988442457509,5.525205042434633
0.86918356148347,0.23029632356861396,0.0020080321285140565,0.01104417670682731,0.011560659348813894,45.96560304575738
0.9474194013712974,0.23383760479028276,0.0018072289156626509,0.010240963855421687,0.01175859828443046,70.59027870727081
1.232124811644608,0.2885505064387733,0.001606425702811245,0.010040160642570281,0.014492878937729334,87.073227623092
1.196890766071558,0.3002531878499397,0.001606425702811245,0.010843373493975903,0.015074649001255228,80.25017591290118
0.6299002145750869,0.13609095392727627,0.001606425702811245,0.009036144578313253,0.006856153228905803,25.587535619917634
0.2008834478200128,0.03251777710145715,0.0014056224899598394,0.004819277108433735,0.001768948277288952,8.38505481546048
0.46736863200102297,0.12049282244639259,0.0020080321285140565,0.011044176706827311,0.006063647294766363,16.896391635777707
0.9894881300224603,0.19532186556223569,0.0014056224899598394,0.008032128514056226,0.009842220301973672,63.36241744263133
0.9836994274441949,0.22474551253136776,0.001606425702811245,0.009839357429718875,0.011311512927590701,68.49715970817316
0.8604740743689296,0.15580163089321397,0.001606425702811245,0.0070281124497991974,0.00790379250104692,61.00421580398101
0.9264979698679636,0.23131569062920243,0.001606425702811245,0.010441767068273093,0.011616487997861389,52.11059296777364
0.9332126577503324,0.22741093356859757,0.0018072289156626509,0.010441767068273093,0.011436337859062461,64.13813440603333
0.6581219038925052,0.11014024393377668,0.0012048192771084338,0.006425702811244979,0.005607762978410952,35.58967330965951
0.8700419125029948,0.1562047902419363,0.0014056224899598394,0.007831325301204818,0.007921464678084201,52.92017906683745
1.2068678159553188,0.2728249346614333,0.001606425702811245,0.009437751004016063,0.013715156909208284,96.57196543031374
1.1290479721983406,0.31406630887337456,0.001606425702811245,0.011445783132530122,0.015771212775461476,64.65498392078403
1.0860531087577712,0.2695752598272287,0.001606425702811245,0.009437751004016063,0.01354432657978319,72.45136902557884
1.028864377529659,0.2311370646575746,0.001606425702811245,0.009437751004016065,0.01161934899730381,73.87628656719737
1.2027649945131729,0.3441115381624244,0.0018072289156626509,0.012248995983935744,0.017273937187481266,75.89744319768614
0.9329744521632896,0.23774363582756752,0.0018072289156626509,0.010843373493975905,0.01194672461528909,53.17265529790426
0.9617095059130022,0.17585237571102943,0.001606425702811245,0.007429718875502008,0.00888739664191888,85.12213725988092
1.2622167264921975,0.2787626782622351,0.0014056224899598394,0.009236947791164659,0.014010215773426204,90.77129407358152
0.23354930385544853,0.033166429369680214,0.0012048192771084338,0.005823293172690763,0.001749163612252355,8.957489242476823
0.7135986708241977,0.14391021152038383,0.0012048192771084338,0.008433734939759036,0.0072826723482866,33.33215952043762
0.8327680454653648,0.2038213014826494,0.0018072289156626509,0.010240963855421687,0.010245093457863019,39.079851664622346
0.49265053344274645,0.06649557378590483,0.0012048192771084338,0.004819277108433735,0.003445408317350359,29.65945720460641
0.5542970507311615,0.08902676243103029,0.0010040160642570282,0.006425702811244979,0.004531604118481212,23.939453899914465
0.6946103667865419,0.1743885309269555,0.0020080321285140565,0.010441767068273093,0.008770930682747185,34.80672400129923
0.28436418871994723,0.07688506631978555,0.0024096385542168677,0.012048192771084338,0.0038901087123291564,9.30468908039347
1.1809466253966925,0.2576340321753262,0.001606425702811245,0.009236947791164659,0.01295626351741791,97.02672924269017
1.1617337012625717,0.2997707937137802,0.0018072289156626509,0.010240963855421687,0.015056493128216702,81.8653431367915
1.050513352990179,0.2371881132307962,0.001606425702811245,0.009437751004016065,0.011926142663314888,65.38859822612906
0.8200552475378338,0.20090738594239815,0.0014056224899598394,0.010441767068273093,0.010100602246414138,37.04295845752424
0.3441623642143182,0.07129443775499748,0.001606425702811245,0.008634538152610442,0.003645091540314408,12.276272324103521
0.9848061566140237,0.18792312768112301,0.0014056224899598394,0.007831325301204818,0.009477327846887694,62.17445940992228
0.9333880346969052,0.1648750781373218,0.0012048192771084338,0.0072289156626506035,0.008320470722694104,59.109444703982874
1.3557424410392236,0.33610527421424746,0.0014056224899598394,0.010843373493975903,0.016871004096730466,99.26806861482925
0.27232667493563406,0.0592347556574046,0.0020080321285140565,0.006827309236947791,0.0030485561762338765,8.45273075512688
0.4094478850636157,0.09510569112871406,0.001606425702811245,0.008032128514056224,0.004827753288640399,16.2744615168543
1.1699885961508905,0.23877791012599706,0.001606425702811245,0.008634538152610442,0.01201642385520088,99.94233605826184
0.9493035075552243,0.15941607256396456,0.0014056224899598394,0.007429718875502009,0.00809755070983057,88.92362028610718
0.8802871601511901,0.22127091139398766,0.0018072289156626509,0.010240963855421687,0.011114699396902463,47.705428910387035
0.3701148226134354,0.0829672649398161,0.0018072289156626509,0.008433734939759036,0.004217041069755245,14.430125714830478
0.9142601051550621,0.15356338602193237,0.0012048192771084338,0.006626506024096385,0.007773334952242478,65.24044264848217
1.1902242674696804,0.2728159487171045,0.001606425702811245,0.009437751004016063,0.013712173329869768,93.68980926835239
1.1999844417944254,0.29542043385901257,0.0018072289156626509,0.010441767068273093,0.0148378125702414,95.9249239340479
0.6536745015196721,0.1453698674042751,0.001606425702811245,0.008835341365461848,0.007345740563122373,29.886254001048606
0.5716631743122985,0.12696520283921378,0.0012048192771084338,0.008634538152610442,0.006409641757870076,21.04741530742342
1.0554656025349212,0.2515480195661789,0.0018072289156626509,0.00923694779116466,0.012648552931438418,86.15358543328836
0.8312932847449807,0.18696873622754112,0.0014056224899598394,0.009638554216867469,0.009403819628110498,37.97692613172365
0.8710993127733225,0.14257136218844035,0.0014056224899598394,0.006827309236947791,0.007242548369800472,79.6422199274208
1.1338920193631437,0.2899356803672577,0.001606425702811245,0.010441767068273093,0.014555570879311511,68.87191594614409
1.1077055334919776,0.2293765746390328,0.0014056224899598394,0.008634538152610442,0.01155161698213639,72.5281908577228
1.0567090917725739,0.22138625732547468,0.0010040160642570282,0.009236947791164659,0.011122071103924297,48.529965446384146
0.10505956419152525,0.023245223941443346,0.0036144578313253013,0.006827309236947791,0.0012395512013135845,2.4887434165808298
0.9990254862816118,0.24065347254193187,0.001606425702811245,0.010040160642570281,0.012097784071921379,55.942593732935784
0.9529733880897924,0.18930288789122135,0.0014056224899598394,0.008232931726907632,0.00955666821440063,74.03861520096642
0.3339412325669204,0.06200287758661895,0.0018072289156626509,0.007228915662650603,0.0032011600174874917,12.465694063243538
0.982970208385664,0.24938646492968844,0.0018072289156626509,0.0106425702811245,0.012524699007973822,55.24009959706323
0.6581715014835156,0.1244231977626818,0.0014056224899598394,0.007831325301204818,0.006304857915246059,31.669552938703617
1.025473765010821,0.2515779566013714,0.0018072289156626509,0.010441767068273093,0.012637490536978355,77.30660180210243
0.8737407380440709,0.17612885994029306,0.0014056224899598394,0.008634538152610442,0.008876938801695782,52.865815064086874
0.4014272688202376,0.08023268456989292,0.0020080321285140565,0.009036144578313254,0.004087261682211223,15.057017872936695
1.1648795970257266,0.2542379288382182,0.0012048192771084338,0.009638554216867469,0.012775384424627471,74.22773958556525
0.5460958189088869,0.14254207994863008,0.0020080321285140565,0.010441767068273093,0.007172913051561426,23.147783527353205
0.942577971415455,0.18705045011403681,0.001606425702811245,0.008634538152610442,0.009444860215560751,74.51330315150214
0.5961526682562286,0.10342269229818961,0.0014056224899598394,0.007028112449799196,0.005252536815199149,24.22711376837887
0.7335226085752128,0.16911771541464038,0.0014056224899598394,0.010040160642570281,0.008513137093660307,33.59516635174635
1.1495287595983905,0.2814932547848993,0.001606425702811245,0.010240963855421687,0.014134791059598837,67.63802691304839
0.5564725068746306,0.10977036086307698,0.001606425702811245,0.008433734939759036,0.005560604958037395,26.862626057777238
0.9807839352991178,0.12367349893964175,0.0010040160642570282,0.005220883534136547,0.0063288625416006205,99.84194242674815
0.5784468864601883,0.14147999986225895,0.0018072289156626509,0.010240963855421687,0.007104206870341271,22.281569920967204
1.21859593067725,0.310440915869226,0.0018072289156626509,0.010843373493975905,0.015588121267742413,93.27151187886575
0.5744573958524283,0.09520494253037577,0.0012048192771084338,0.007228915662650602,0.004848910360742143,28.253120298804458
0.5890633307011803,0.134330350477805,0.0018072289156626509,0.009638554216867469,0.0067626469388178375,25.382677352486027
0.903983468039114,0.2296706205243551,0.0018072289156626509,0.010441767068273093,0.011535830369804812,51.99828549511252
0.9356893223521785,0.19671322944677758,0.0014056224899598394,0.008433734939759036,0.009908574643607103,57.55736908312841
1.1305395626613997,0.23033540757244692,0.0018072289156626509,0.008032128514056224,0.011614474004994334,89.79111124963201
1.1084193314580821,0.24908126104037367,0.0014056224899598394,0.009437751004016065,0.012525018783189417,72.4446427333859
0.7871537084721251,0.15064926343452603,0.0014056224899598394,0.008433734939759036,0.0076417882288994324,46.57848305192679
1.0061522517181054,0.22935686955419207,0.001606425702811245,0.009638554216867469,0.011533195394899942,65.690201351303
0.5180527960616561,0.10513314968487503,0.001606425702811245,0.00823293172690763,0.005335952778052999,24.29905247616602
1.1621505672288595,0.2775187491800322,0.001606425702811245,0.009839357429718877,0.013936336593746386,85.75753467095902
0.8738574883236623,0.19715182032126602,0.001606425702811245,0.008835341365461847,0.009925526831524619,40.905266080039716
0.5843198167150677,0.10665945983316234,0.0014056224899598394,0.008032128514056226,0.005423822020439173,34.268861617059386
0.7336377208735438,0.1412547052680493,0.0014056224899598394,0.00783132530120482,0.007132949198612571,37.59252926054452
0.47404384245009695,0.1128600241398724,0.001606425702811245,0.009236947791164659,0.005698003319427768,16.374675086103284
1.2560350703746426,0.2927613934406753,0.0014056224899598394,0.010040160642570281,0.014702424124866019,88.32806566548402
0.7612196998450512,0.16182959670627345,0.0014056224899598394,0.009638554216867469,0.008157514926615931,37.0383138519966
0.7570589079781703,0.14638132903571824,0.001606425702811245,0.00823293172690763,0.007399505969113098,44.7211826641991
1.1318482699054873,0.19418872418432254,0.0012048192771084338,0.006827309236947791,0.009797231583388443,96.48057023234675
1.0751431206044537,0.23538827613168692,0.0014056224899598394,0.008835341365461848,0.011829828085437326,61.13849890118431
0.4370006798322722,0.07370255247032344,0.001606425702811245,0.005823293172690764,0.0037920255244440555,18.41834375192708
0.5576760169910856,0.12911197883125058,0.0014056224899598394,0.009638554216867469,0.006518736266937865,22.669452734763706
0.5731013457899136,0.13113622699782285,0.001606425702811245,0.009839357429718875,0.006615794012954635,23.693059404593008
0.21270657339560003,0.03632737267593222,0.0014056224899598394,0.006827309236947792,0.0019085398550226478,6.9618736984147
1.092473624676233,0.19510220416312418,0.0014056224899598394,0.0074297188755020095,0.009845970702337014,82.13269222439595
0.035482310378193174,0.003701089361826119,0.0002008032128514057,0.0010040160642570282,0.00034241292560881865,0.2704191801602751
0.3574896737169834,0.07351942954516691,0.0018072289156626509,0.008634538152610442,0.0037342117076639373,14.181699616000376
1.2301729110653878,0.2954345214045047,0.0014056224899598394,0.0106425702811245,0.014838074739186064,78.6548635967161
0.9268669477415732,0.24421925671724687,0.0012048192771084338,0.011244979919678716,0.012269303433497332,41.788274586391935
0.04046149416760396,0.00437271234375024,0.0012048192771084338,0.001004016064257028,0.000379591800641786,0.7976523903803989
0.9750578031311129,0.1699473590893776,0.0012048192771084338,0.0072289156626506035,0.008603145865230519,62.42133816408247
0.8672203383843098,0.1548518928052872,0.0014056224899598394,0.007228915662650602,0.007837547770889894,71.05524111246577
0.6967184493621976,0.14750686567251184,0.001606425702811245,0.008433734939759036,0.00745101078143853,38.07119801226462
0.6829753979066059,0.14178083885981388,0.0018072289156626509,0.008634538152610442,0.007161909001789804,35.07637948787337
1.174120525686158,0.238572005881229,0.0014056224899598394,0.008433734939759036,0.012020147659177216,99.4473497819466
0.39657923016812696,0.07304511211529154,0.0014056224899598394,0.007228915662650602,0.0037360879807158878,16.903587557986334
0.16795100558296266,0.022207126432899665,0.002208835341365462,0.003012048192771084,0.0012726018109480367,6.058750941872693
0.3959549070825296,0.11759714842721175,0.001606425702811245,0.01285140562248996,0.005920965627412386,13.378174100829366
0.0326458708466252,0.0011956004807852296,0.007228915662650602,0.00020080321285140604,0.0002774847016127271,0.2455560282776048
0.10287301049460554,0.02199397589312465,0.0016064257028112453,0.00823293172690763,0.0011775527033044656,2.928823900147326
1.13679061431525,0.25375092656860493,0.0014056224899598394,0.009437751004016065,0.012745739950332966,73.75991949020933
0.9086874253604844,0.21381921089640477,0.001606425702811245,0.009437751004016065,0.010751307766546526,48.43398267314941
0.7938196136849992,0.180335091541496,0.0014056224899598394,0.009036144578313253,0.009070656374060581,36.106470375831734
0.77829223155225,0.15713693265880027,0.001606425702811245,0.008634538152610442,0.007940502598855861,36.26719137665675
0.577224401546533,0.13731846171050247,0.0018072289156626509,0.009437751004016066,0.006922257241047128,23.86018926074548
0.38367414006738065,0.07459289911340926,0.0012048192771084338,0.008433734939759036,0.0038180950495279482,13.715773413087739
0.39876712122426927,0.08518050313696385,0.002208835341365462,0.00923694779116466,0.0043310419933856965,16.735404884352246
1.0365270140078802,0.21690208129869998,0.001606425702811245,0.008232931726907632,0.010923628389316108,74.33744527514693
1.0016040932619652,0.25915056002871867,0.001606425702811245,0.01144578313253012,0.013011638456629374,57.21715158134011
1.0246010837761326,0.2071905686381082,0.001606425702811245,0.008433734939759036,0.01044720194867747,73.4540803182425
1.0036861074530095,0.24469302022367032,0.0020080321285140565,0.010642570281124497,0.012289188669804168,63.06133046213477
0.759433623432907,0.13324894290670322,0.0014056224899598394,0.0072289156626506035,0.0067579452250462555,47.44993226208085
0.06035823805001909,0.009003142016497922,0.0004016064257028113,0.0018072289156626509,0.0005836606552710216,0.9810425103097486
1.0021207399436498,0.1960114274517913,0.001606425702811245,0.008433734939759036,0.009903806693819713,77.70783594538408
1.0007808638136484,0.23543739488753807,0.0018072289156626509,0.010040160642570281,0.01183217551405861,70.01936515566605
1.0862865868017948,0.159265732744447,0.0010040160642570282,0.006224899598393575,0.008056992856932392,86.02291599082687
0.2106827182797539,0.03278711635412963,0.0018072289156626509,0.0050200803212851405,0.001771721213682885,6.834140215758655
1.0129910895222558,0.23916781477583543,0.0018072289156626509,0.00963855421686747,0.012024194153312087,62.98947903248244
0.6353267401747867,0.13715028119659883,0.0018072289156626509,0.008835341365461848,0.006935102535668498,32.39648683768449
1.2385991966780434,0.24722412298821278,0.0012048192771084338,0.008634538152610442,0.012451024170560644,81.32530600927113
0.8162152857471299,0.1585624446038475,0.001606425702811245,0.00783132530120482,0.008010089699342705,49.77782574890257
1.0600931499199475,0.25525898044175055,0.001606425702811245,0.0106425702811245,0.01282977121239052,61.77026032174483
1.0248200407663426,0.16868961879767183,0.0012048192771084338,0.006425702811244981,0.008537458578561252,82.32793602315648
0.08711860272197161,0.019444411853374442,0.0024096385542168677,0.007429718875502008,0.0010584224404181998,2.054877403338662
0.3565751513355693,0.08200216334956056,0.002208835341365462,0.008835341365461848,0.0041602398652447236,11.975559997255624
0.9444874266921616,0.20836501831467238,0.001606425702811245,0.009437751004016065,0.010489860350408366,65.47621329369655
0.2053641828050849,0.0360959484237472,0.0014056224899598394,0.00823293172690763,0.0019163839475267285,6.948541012545562
0.9363810432064695,0.2299182430466681,0.001606425702811245,0.010642570281124497,0.011550621106536358,49.241246215273684
0.685413191827607,0.1774965538573832,0.001606425702811245,0.01104417670682731,0.008923180768222778,29.689359750307474
0.4094187985887306,0.10649299110777469,0.0018072289156626509,0.010441767068273093,0.005358178579976617,14.013686459927765
1.0515432454157925,0.2160522612869691,0.0014056224899598394,0.00923694779116466,0.01087523380517666,64.69919355081895
0.24618213709621478,0.0558647001020733,0.001606425702811245,0.008835341365461847,0.0028715813091778905,7.758648045512995
0.18502540885227212,0.03949116297828049,0.001606425702811245,0.008835341365461848,0.002054476038543195,6.3959593766830025
0.7817453183991733,0.20136489430372487,0.0020080321285140565,0.010843373493975905,0.010123339741627158,38.95869092206225
1.164788724694487,0.24351311887571148,0.001606425702811245,0.008634538152610442,0.012246350520208117,89.9573803190024
0.6599150385948047,0.151931119563704,0.0018072289156626509,0.009839357429718875,0.007656483917692764,27.09126523644949
1.1098015190818342,0.16411574618908537,0.0010040160642570282,0.006224899598393573,0.008343425184263748,92.86443939941452
1.0309155594841217,0.20410711927910852,0.0014056224899598394,0.00823293172690763,0.010283242551172387,67.19093739757065
0.09440583095339684,0.01685289594196258,0.002208835341365462,0.0034136546184738957,0.0009439507582567533,2.4276796861283145
0.14204456395739304,0.029917608780634344,0.0038152610441767073,0.006626506024096386,0.0015848289322120625,4.031635931637467
0.9645695624542877,0.26182247309287965,0.0020080321285140565,0.01144578313253012,0.013150249196423323,57.98962650890408
1.2155059128402048,0.2808507303842743,0.001606425702811245,0.009638554216867469,0.014111205086364263,88.1384770098445
0.7886504837634258,0.15696910074909695,0.0014056224899598394,0.008232931726907632,0.007958261173463465,39.93247635254614
0.3283996378151577,0.08449965483447905,0.0018072289156626509,0.01104417670682731,0.004268862470947126,11.256552279268305
0.76497244215238,0.17588166218527748,0.001606425702811245,0.009236947791164659,0.008863528465375563,46.68181299428758
0.8493843186603804,0.203512879719382,0.001606425702811245,0.010040160642570281,0.01023910862952077,41.27703087798569
0.8308326032282314,0.16668109378110893,0.0014056224899598394,0.00823293172690763,0.008406009417335302,46.89394218056925
0.20091053565655234,0.04092635598177897,0.0018072289156626509,0.00783132530120482,0.0021236733396957364,6.468945263806725
0.6999966271947676,0.14238050906896257,0.0014056224899598394,0.008835341365461847,0.0072103036958025835,32.800991124505096
0.6847773796073182,0.15907177871748707,0.0018072289156626509,0.009236947791164659,0.008007346523536931,34.83576860201101
1.0204464393413446,0.22703887963642466,0.0014056224899598394,0.009236947791164659,0.011405211129998753,59.65720238642881
0.9614695706908611,0.25656859860932857,0.001606425702811245,0.012048192771084338,0.012879026867521865,47.909271465658854
0.8831119537788039,0.19161718595509158,0.001606425702811245,0.008835341365461848,0.009657744320349422,56.13541282282852
0.6064843192931504,0.14641835084095778,0.001606425702811245,0.009638554216867469,0.007364994402117289,25.285400337412945
0.5385488868866974,0.13210270763188706,0.001606425702811245,0.011044176706827311,0.006655509719757921,19.0470449459889
0.8960752384554787,0.20745337670695702,0.0014056224899598394,0.008835341365461848,0.010425361679139137,39.61296256311206
1.0247524984227983,0.21041201091754255,0.0014056224899598394,0.008634538152610442,0.010607723172477464,58.708258117937405
0.8144035447580704,0.19050862200383106,0.0018072289156626509,0.010040160642570281,0.009599604180156244,39.90098099452951
0.8912093071550968,0.24113905542695901,0.001606425702811245,0.011244979919678716,0.012112346312988864,40.27988366697982
0.48500758981503783,0.09834756439850262,0.0014056224899598394,0.008433734939759036,0.004976332062364601,17.29055808970742
1.1722220852373246,0.313471512863414,0.0018072289156626509,0.011445783132530122,0.015739156492493883,87.31810778332144
1.1740912283783032,0.18706764862159858,0.0010040160642570282,0.006626506024096386,0.00947152669092972,98.73022183336573
0.5279625393583849,0.12621866545562613,0.0018072289156626509,0.0106425702811245,0.006361959922611429,21.51810847673856
0.9095067017803351,0.224169137540813,0.0014056224899598394,0.010441767068273093,0.011264124072508274,42.510890038654466
0.3814618071618954,0.07191590164473333,0.001606425702811245,0.006425702811244981,0.0036820952797138977,15.954175757116861
0.49964936273418536,0.09975333547893257,0.0014056224899598394,0.008433734939759036,0.005072575444668559,20.035221800159476
0.6137023590123609,0.12543116200468687,0.0012048192771084338,0.008634538152610442,0.0063429217040316946,23.333893664239636
0.3757341222880071,0.07826201143174358,0.0014056224899598394,0.007630522088353414,0.003986315945039472,13.21991224014749
0.820456440374421,0.12407961571962763,0.0012048192771084338,0.006224899598393575,0.006325749690828231,63.00477711782878
0.885119317200296,0.1350568597967806,0.0012048192771084338,0.006024096385542169,0.006890171161800259,83.3107741523208
0.15372261589390743,0.028629347386506295,0.001606425702811245,0.0072289156626506035,0.0015432421334536555,5.263230811145537
0.1759426260793797,0.03502200255404621,0.001606425702811245,0.007429718875502008,0.0018426844616970415,5.419782020262343
1.1008902663683366,0.30515562404823976,0.0018072289156626509,0.011244979919678716,0.015319575556764177,68.06207102094659
1.1187736521924412,0.32975258308101524,0.001606425702811245,0.013654618473895585,0.01654869397659459,52.36020834647099
0.7286439817814077,0.16590844309685532,0.001606425702811245,0.009638554216867469,0.0083593688870191,40.87419061292374
0.508233701648492,0.11150155158437995,0.001606425702811245,0.009236947791164659,0.005625743988684538,21.508690868655243
0.9071485796592281,0.19386196723812504,0.001606425702811245,0.008835341365461847,0.009753858477785388,57.48258617638291
1.05849273274558,0.2493074330843862,0.001606425702811245,0.009839357429718875,0.012518779832610656,63.38202014145233
0.9112280491176943,0.1908394181030031,0.001606425702811245,0.008835341365461848,0.009613697560000002,50.431903944809
0.9752997252839942,0.2539845752279041,0.0020080321285140565,0.01104417670682731,0.012756544380970835,67.93420012472737
1.1841738689616237,0.2908916527524398,0.0018072289156626509,0.009839357429718875,0.014612328962346299,80.82580783256348
1.127372009583484,0.2693991473809995,0.001606425702811245,0.010441767068273093,0.013538646815414068,79.15750062156114
0.611200983460654,0.12609101962407623,0.001606425702811245,0.008835341365461847,0.006372961145013718,30.253386002867057
0.6778812604340096,0.11072102934278213,0.0012048192771084338,0.007429718875502008,0.005646419173538989,31.72822694166648
0.5068001846805537,0.10637348611476986,0.001606425702811245,0.008634538152610442,0.0053909376558004315,22.164999299289345
0.8908760365430597,0.23026517694117277,0.0018072289156626509,0.0106425702811245,0.011566543955362312,50.988695841204255
0.7468551205918639,0.16495882741668266,0.001606425702811245,0.009036144578313253,0.008327439067564548,38.73361248477713
1.2711240407554185,0.2895053560961771,0.0014056224899598394,0.010040160642570281,0.01454229739338088,98.95821469442105
0.2723359005109618,0.0739997007296069,0.002208835341365462,0.010441767068273093,0.0037448278548160826,9.267524491831903
1.0216044861296247,0.2630498164140167,0.001606425702811245,0.011244979919678716,0.013209362153179078,60.71081209158661
1.1062629751270203,0.23851661322740755,0.0014056224899598394,0.009437751004016063,0.012003169790207971,72.95831392630066
0.6687873360176704,0.08838970966192983,0.0010040160642570282,0.005823293172690764,0.004537757133609967,43.28518848434209
0.2578236985485182,0.05150592752115273,0.0014056224899598394,0.007630522088353415,0.0026595431385238303,7.397183049642386
1.1085958106104876,0.247201179197438,0.001606425702811245,0.009437751004016065,0.01242510910157608,83.46032702962026
0.5197233923790923,0.11407631088670675,0.0014056224899598394,0.009036144578313253,0.005788563433701753,20.211268259132396
0.45371416923988656,0.09322563404916924,0.0014056224899598394,0.008433734939759036,0.004723475924063021,17.180250888558525
0.3388413389171751,0.07909501596878307,0.0014056224899598394,0.00783132530120482,0.004005993596404407,11.43508678242492
0.6437836147478674,0.136482325223718,0.0018072289156626509,0.009839357429718877,0.0069055052631629855,30.203844369194133
0.9508667902915611,0.2280378026003806,0.001606425702811245,0.009638554216867469,0.01146233239546543,50.17177472034194
1.1485785940267375,0.29198325302292616,0.0018072289156626509,0.010843373493975903,0.014665249883096702,91.07101687640946
0.9824426834652096,0.26453299759409377,0.0020080321285140565,0.01104417670682731,0.013280723289290546,61.107856629744276
0.8526497656936203,0.18429858617581354,0.001606425702811245,0.009036144578313253,0.009277865108157665,49.33100608617096
0.49493379626863854,0.13542227673109916,0.002208835341365462,0.011244979919678716,0.006801217047505581,17.95674996754557
0.939568978237173,0.24405916462278088,0.001606425702811245,0.011244979919678716,0.012255857430242892,42.8845480073005
0.9943250124244892,0.20112863061966144,0.0014056224899598394,0.008634538152610442,0.010141401815469336,67.67393851004749
1.12247345517795,0.3015759549510316,0.0018072289156626509,0.01144578313253012,0.015140859892515058,65.24242015493135
1.1125358056255732,0.21824185654934547,0.0014056224899598394,0.008433734939759036,0.011004383086065038,97.04424127345189
0.136170445665112,0.028154274420692665,0.002208835341365462,0.009236947791164659,0.0014993699184997899,3.5704602105584016
0.037280761775479225,0.002044687349328221,0.004216867469879518,0.00020080321285140604,0.00028698314544571405,0.6185413561529907
1.1189400699838208,0.2125629768950595,0.0012048192771084338,0.008433734939759036,0.010725588260020577,66.30195197072439
0.6270326476350724,0.14742148436864583,0.001606425702811245,0.0106425702811245,0.007425842995610964,26.788612218715492
0.8421959100418498,0.17068450079820516,0.0014056224899598394,0.00823293172690763,0.008608613472627789,51.039949781708636
1.064453899085836,0.2990253090231163,0.001606425702811245,0.011646586345381528,0.015009036655831419,58.23458658539327
0.4317815332892461,0.10012261935555121,0.0020080321285140565,0.00963855421686747,0.005039795408424094,13.592993323813719
1.238716353217735,0.24366996446455386,0.0012048192771084338,0.008433734939759036,0.012257231775918299,89.62401722520484
0.717273453579621,0.16925053835702894,0.001606425702811245,0.00963855421686747,0.008518045800582954,33.3553731599005
1.2262530848672215,0.27448642238030413,0.0014056224899598394,0.009437751004016065,0.013787675700696762,88.37458253434878
0.5164959415943671,0.06444243649793108,0.0012048192771084338,0.005220883534136547,0.0033806315264394986,38.70331550814371
0.5435848210810341,0.13201053830452691,0.0020080321285140565,0.0106425702811245,0.006663781755234799,24.233245902946233
0.847857631152093,0.16857505912126466,0.0012048192771084338,0.007630522088353415,0.008515433283404575,40.95375113693025
1.0166387445328107,0.21444133897295117,0.001606425702811245,0.008032128514056226,0.01080329390923548,76.66535733205065
0.665643262208762,0.1500661738878293,0.0018072289156626509,0.009236947791164659,0.00757632519045209,35.10229348787769
0.739886587664377,0.14435769800265033,0.0014056224899598394,0.00783132530120482,0.007298989876344638,38.51589027597516
0.15212291571863762,0.03172276755382747,0.0026104417670682733,0.00823293172690763,0.0016691105232629851,3.785907232827479
1.182327152083203,0.30905922252257895,0.001606425702811245,0.01144578313253012,0.015522527635332628,72.53396607128306
1.0486177777494163,0.28055734625106016,0.0020080321285140565,0.01104417670682731,0.014094561723528607,63.528166017892076
1.0788830331893045,0.252874642041257,0.0014056224899598394,0.010040160642570281,0.012705401787130467,58.15259906148336
0.653205634365968,0.16918271182907837,0.0018072289156626509,0.011244979919678714,0.008501873555172469,27.156049307202114
1.015593568549157,0.274946139932255,0.0020080321285140565,0.011646586345381528,0.01380427707275177,67.80235387437634
1.1779394655819813,0.28742648690312794,0.001606425702811245,0.010441767068273093,0.01443099367788472,92.51914350345585
0.24458382998848405,0.0478161893670353,0.0018072289156626509,0.00783132530120482,0.0024922387167504428,9.243979664464463
1.2475865419882677,0.3062934439211543,0.001606425702811245,0.0106425702811245,0.015379682002057974,93.43999387166508
0.3857315899244576,0.07139148040940513,0.0012048192771084338,0.00783132530120482,0.003625689777898197,13.475823635938088
0.335913825173858,0.04619718784890396,0.0010040160642570282,0.005220883534136547,0.002453676881389768,13.148563363927623
0.24993196161707093,0.055817215447480036,0.001606425702811245,0.009839357429718877,0.0028620100520393103,8.058110645868267
0.6629881249935221,0.14720041990363666,0.0018072289156626509,0.009236947791164659,0.0074257296988006335,28.272025501948438
1.3658698568425318,0.26874092294814617,0.0012048192771084338,0.008835341365461847,0.013533445516030968,99.36840508172844
0.5420579109131941,0.15553065262041044,0.0020080321285140565,0.011646586345381526,0.007815183071763663,20.22218762786411
0.8450321001445225,0.1712396056958837,0.001606425702811245,0.008634538152610442,0.008629918877813388,47.92995808601903
1.1973296288586566,0.3138040498434941,0.0014056224899598394,0.011847389558232932,0.01575050653011072,69.52153992866427
0.9702464305729456,0.23779179887987023,0.001606425702811245,0.009839357429718877,0.011945519368968342,58.1365444500614
1.193592875199257,0.3184531483936595,0.0020080321285140565,0.010843373493975905,0.015992079173348616,99.50886922498911
1.2180783669103563,0.2916198231611986,0.0014056224899598394,0.00963855421686747,0.014642907720840493,83.27883539470076
1.1407816389668604,0.2951382257417621,0.0018072289156626509,0.010240963855421687,0.014819433815896779,81.26628606321226
1.042849130838727,0.27236260953056246,0.0018072289156626509,0.010843373493975905,0.013675717403436897,60.11980331191765
0.5993323227193423,0.13140484239986855,0.0014056224899598394,0.009638554216867469,0.0066149342558146414,24.242740795916397
1.1064880904663714,0.2697909627607182,0.0014056224899598394,0.010441767068273093,0.013553495152459719,65.52182841616911
0.3157712255834243,0.06113946172022221,0.0020080321285140565,0.006626506024096386,0.003129396263609677,11.337349776497819
1.3216113204145377,0.30143802833645117,0.0014056224899598394,0.00963855421686747,0.015139022413500755,99.26070186009994
1.069008664408239,0.2196332011553811,0.0014056224899598394,0.008032128514056226,0.011062019234692567,74.33806613110802
1.162892906091617,0.23776542660197458,0.0012048192771084338,0.008433734939759036,0.01197445314993108,85.08251806394568
0.41814559457432043,0.07385679136065752,0.001606425702811245,0.006827309236947791,0.003778109588654914,20.346358184095003
0.8857643114848707,0.15006902834105673,0.0014056224899598394,0.006827309236947791,0.007588971087751638,69.05966903058757
0.2566196492992422,0.05551746711933348,0.0020080321285140565,0.007429718875502009,0.0028535518110279295,7.754745852305788
1.136472065502789,0.24354504396157903,0.001606425702811245,0.008835341365461847,0.012248824201746776,81.48698902794112
0.6506710088878722,0.13044861141690878,0.0014056224899598394,0.008232931726907632,0.006600088831013326,30.190936997041153
0.969553781878823,0.18441526955884707,0.0014056224899598394,0.00783132530120482,0.009295450257744543,62.87405820222346
0.8782755418622145,0.198434426804605,0.0014056224899598394,0.009236947791164659,0.0099857654336606,43.91690572601529
0.9870017136678088,0.22632973397077466,0.001606425702811245,0.009437751004016065,0.011382539287690362,62.55689124492554
0.29188201400120606,0.07202765199335831,0.0024096385542168677,0.00923694779116466,0.003651731830466432,11.005181010288679
0.901597950938954,0.21396964366224272,0.001606425702811245,0.010441767068273093,0.010767318864052864,47.40906856438819
1.2126657064701658,0.31448165697129316,0.001606425702811245,0.01104417670682731,0.015788868345341784,79.2732479056379
0.8483693466622253,0.15734035406137808,0.0012048192771084338,0.0074297188755020095,0.0079366555131861,50.74306829145295
0.5196569727740398,0.12762460215629287,0.001606425702811245,0.009839357429718875,0.006421639443412999,20.366199483042678
0.6866856290514596,0.1646306053113963,0.001606425702811245,0.010240963855421687,0.008286132001705379,27.648848248744283
1.06134765027858,0.2702878803424458,0.0018072289156626509,0.0106425702811245,0.013583203860730544,75.75831122331638
1.0311141576395597,0.24514256481154706,0.001606425702811245,0.010040160642570281,0.012319041980272736,63.362818934035616
1.111667398842866,0.2553028958902425,0.001606425702811245,0.009638554216867469,0.012836085796880899,79.12782609836357
0.7563937267116856,0.17741667845710896,0.0018072289156626509,0.010040160642570281,0.008928523223977263,38.61432998580243
1.0055221934234617,0.1962672473247091,0.001606425702811245,0.00783132530120482,0.009891132766441487,88.00772952515726
0.22655315743776813,0.05268921622525427,0.0026104417670682733,0.008433734939759036,0.0026882352500155774,7.011880249638547
1.0947920923586674,0.24861678886420657,0.0018072289156626509,0.009638554216867469,0.01250449791228762,85.07666250953125
1.1800465911090503,0.39659896854741633,0.0018072289156626509,0.014859437751004016,0.019906746778205295,70.01705123800461
0.6215152357283766,0.16257379189171203,0.0018072289156626509,0.009839357429718875,0.008168924120812118,24.828735769580835
1.1020810338306442,0.24205082601555972,0.0012048192771084338,0.009236947791164659,0.012172411656046931,60.8157065129594
0.976115274215501,0.2583982326410077,0.0018072289156626509,0.011244979919678714,0.012976087506475295,49.811521653968114
0.09708220644738488,0.019265432583299165,0.0018072289156626509,0.007831325301204818,0.001074057036940656,2.44827883963592
0.9815431805839504,0.21151271455360388,0.001606425702811245,0.009036144578313253,0.010633902089682082,64.35405957711293
1.0438565178276058,0.18189555954256298,0.0014056224899598394,0.006827309236947791,0.009182363977588856,96.6791779732333
1.208010418615638,0.31658593992274925,0.0018072289156626509,0.010441767068273093,0.01589592089886351,91.83052120891671
1.1075754267107827,0.2746445578840828,0.0018072289156626509,0.010441767068273093,0.013793052571130681,84.32898255118462
1.066048810233849,0.20613735035734024,0.0014056224899598394,0.008634538152610442,0.010385029656376471,88.77064367241859
0.10504494699985562,0.021398180340163084,0.001606425702811245,0.006224899598393575,0.0011612600598440428,2.3820754536631017
0.6214921703976136,0.13120920787624515,0.001606425702811245,0.008433734939759036,0.006620329719421347,28.449981782160204
1.1973180891488793,0.3277823924104867,0.001606425702811245,0.012048192771084338,0.01645115595558222,72.86424076792056
1.040394239096197,0.25276993111806695,0.001606425702811245,0.009839357429718877,0.01269753946632928,62.6924789136486
0.42707805326382015,0.0707599504872847,0.0012048192771084338,0.006626506024096385,0.003645542307072769,19.633478235736078
0.9798049584263926,0.21329670964255537,0.001606425702811245,0.008835341365461848,0.010727010014084472,59.74015145976025
0.4885984904896777,0.12263894721377483,0.0018072289156626509,0.010642570281124497,0.006174763584686988,17.741499102308044
1.1439013986507864,0.2597424310317864,0.0018072289156626509,0.009638554216867469,0.013049615773175809,96.86304380491812
0.9090752279850592,0.15244652359856428,0.0012048192771084338,0.0068273092369477905,0.007744897965273111,69.14358635389117
0.7353074639425563,0.1188800082797847,0.0014056224899598394,0.0068273092369477905,0.006075778354246992,46.081473274030536
0.9882215861562673,0.2570015707779262,0.0014056224899598394,0.011646586345381526,0.012909775989585351,51.73760353935497
0.9645182333097352,0.23031460272638965,0.001606425702811245,0.009839357429718877,0.011578153183040982,56.08779004307644
0.9457533402830531,0.15186398146396096,0.0012048192771084338,0.006224899598393575,0.007692425516175409,72.32057846171061
0.1566119955948864,0.025736910338618198,0.0034136546184738957,0.005421686746987951,0.0014166785710092666,4.248983505957349
0.7302472132259876,0.15357478260954277,0.0024096385542168677,0.009036144578313253,0.007747440490661797,31.442895523210247
0.45308416114273015,0.1151427647196389,0.001606425702811245,0.0106425702811245,0.005809923447717768,17.051305134340623
1.0547360127045873,0.27728518552039977,0.0018072289156626509,0.010843373493975903,0.013924832381338263,67.28741237764737
0.6445280336410096,0.1524882302499544,0.001606425702811245,0.010040160642570281,0.0076687359146499125,24.780113372345436
1.1686585647677132,0.29400560321691177,0.001606425702811245,0.010843373493975905,0.014760331884193723,84.54789570108227
1.49390208625656,0.43422190061502397,0.0014056224899598394,0.012851405622489962,0.021802843525696676,98.75247882640956
0.9740108699458785,0.16922389529962,0.0012048192771084338,0.0072289156626506035,0.00858968509236201,79.80163167776475
0.7587097428434657,0.1709958896737068,0.001606425702811245,0.009437751004016065,0.008607865524135276,37.270864677662296
1.3161540409772166,0.36587061716921593,0.0018072289156626509,0.012248995983935744,0.01836511400649787,92.97978726435258
0.04454890321757943,0.006215953896423811,0.0010040160642570282,0.002208835341365462,0.0004622263584793731,1.6760114793320402
0.6659727934810475,0.20271169518159468,0.001606425702811245,0.013654618473895585,0.010177946529509051,23.437064397632547
0.6784601536849691,0.1717317955935611,0.001606425702811245,0.009839357429718875,0.008633194060312587,27.35810922724884
0.7988736743992848,0.150942059377823,0.0014056224899598394,0.00823293172690763,0.007629509686370082,43.15671486897658
1.1798364405986963,0.30442566364555806,0.001606425702811245,0.010240963855421687,0.015293307759699715,77.32067394225798
0.25151249093854205,0.059808070591419495,0.001606425702811245,0.00823293172690763,0.0030540454589446497,9.329023246605306
0.41571407406317873,0.06850531591802797,0.0014056224899598394,0.006224899598393575,0.0035351260653263,14.610999856054207
0.578074262115771,0.12153416770525928,0.0014056224899598394,0.009036144578313254,0.006135708082411227,23.01702159483122
0.8378018749666247,0.22532814058730627,0.0018072289156626509,0.010441767068273093,0.011328229778716045,43.66178266296201
0.2274025223548919,0.049718059210536986,0.0020080321285140565,0.009036144578313253,0.002560566280695665,6.751274819864594
0.8859226930125881,0.13264526943173546,0.0012048192771084338,0.005421686746987953,0.006719774840252964,73.74836941783634
1.0424312311890098,0.2211617690920459,0.0014056224899598394,0.009036144578313253,0.01112980346442236,68.43418112091335
1.0338793135802482,0.20114432491608614,0.001606425702811245,0.008634538152610442,0.010166263662686281,87.6439037158492
0.08075654501094906,0.015919470011729244,0.0020080321285140565,0.007028112449799197,0.0008900546275704153,2.080452806530586
1.0037256391385878,0.2002301359591674,0.0014056224899598394,0.008634538152610442,0.010084812938761066,69.70264450077687
1.035310121075084,0.22546089104690373,0.0014056224899598394,0.009236947791164659,0.011336769773489042,55.03720801987737
0.3455439766922841,0.06778144030110532,0.001606425702811245,0.007630522088353414,0.0034793390407910577,13.973074229517579
1.0187997265988442,0.22496155591253536,0.001606425702811245,0.009036144578313254,0.01131498463430484,73.29852841793554
0.13589647845169728,0.020362982402876255,0.0024096385542168677,0.005421686746987953,0.0011466125241130268,4.518609588741174
0.6385633167353536,0.13298034045526355,0.0014056224899598394,0.009036144578313253,0.006726553595566315,31.25604028278187
0.6789099602136854,0.11270508761974771,0.001606425702811245,0.006827309236947791,0.005744490510045009,40.48154226718192
0.45795257034216164,0.11196579204074428,0.001606425702811245,0.009036144578313254,0.005662168362441228,17.53353093501434
0.9480144980162467,0.23895662574163187,0.001606425702811245,0.0106425702811245,0.011997219293445417,50.54375081286173
0.857089085363749,0.16709832522981496,0.001606425702811245,0.008835341365461848,0.008436622435428849,58.233962310245936
0.5896487440459333,0.11797633898471119,0.0018072289156626509,0.008433734939759036,0.005965259526280979,27.325918876601975
0.7921414762264092,0.1900642098023893,0.0018072289156626509,0.010240963855421687,0.009575729537193437,49.805174227126145
1.0320208188082847,0.17493438376720516,0.0012048192771084338,0.006827309236947791,0.008854331515283653,96.04413462414139
1.1230386669050199,0.1921358814093909,0.0012048192771084338,0.0074297188755020095,0.009712418043236606,87.86639898776342
0.9256334015703835,0.1588492904627511,0.0014056224899598394,0.0072289156626506035,0.008051091605958866,78.37138417194419
0.6863501413770218,0.14300807616430186,0.0014056224899598394,0.008835341365461847,0.007225061593490644,33.30929430759942
0.8626554545407139,0.1304107233597306,0.0010040160642570282,0.006224899598393575,0.006613442687158945,56.547898308005884
1.21713401894619,0.3327778489697898,0.0018072289156626509,0.011847389558232932,0.01670732958160713,85.06521472612485
0.9750430093652468,0.22355417688998797,0.001606425702811245,0.009839357429718875,0.011240064576614089,63.24996300237543
0.48883405301341126,0.11027156261446164,0.001606425702811245,0.010240963855421687,0.005582826646486786,18.570303494794427
1.0702587194625723,0.27181191160023543,0.0014056224899598394,0.010240963855421687,0.013647455872075406,56.60213769647194
0.3717090552646124,0.07625582775886264,0.001606425702811245,0.00783132530120482,0.0038841490181256376,14.660167938708968
0.7126991868856147,0.16764231946918112,0.0018072289156626509,0.010040160642570281,0.008429280218361219,34.867567801966636
0.3778383991519002,0.08034191786564902,0.0018072289156626509,0.009036144578313254,0.004072857020551159,14.917384680144963
0.949767714045564,0.1971472585238044,0.001606425702811245,0.008835341365461848,0.009918308022766945,57.645252728411656
1.1137244745666122,0.2274988450249859,0.0014056224899598394,0.008835341365461848,0.011457526866842403,83.21332531859042
1.199362655839835,0.28598721079504036,0.001606425702811245,0.009839357429718875,0.014374748067960727,96.13137056035798
1.2588351293193931,0.32764753481542314,0.0014056224899598394,0.011244979919678716,0.016446406873504675,68.12846519321059
1.1560191544400182,0.1925108831596327,0.0010040160642570282,0.0068273092369477905,0.009730034311393004,86.07400645089355
0.3639785120186242,0.09655668122536663,0.0018072289156626509,0.011044176706827311,0.0048586118513594435,12.425503637575641
0.9209486192962796,0.18544436092679312,0.0014056224899598394,0.008433734939759036,0.009347011481276314,52.584561268372866
0.9480110970120416,0.20565320947149532,0.0014056224899598394,0.008835341365461847,0.010351302342940155,52.67228185535252
0.08981278005764795,0.013111624781288779,0.002811244979919679,0.0026104417670682733,0.0007805102513527719,1.9319607640975178
1.0844987868093177,0.27801493034073677,0.001606425702811245,0.010843373493975903,0.013955785237312366,67.39145736032822
1.2015171809293888,0.2559602860909546,0.0014056224899598394,0.009036144578313253,0.012868633413286165,88.99009061316538
0.9334720277804353,0.185451866135505,0.001606425702811245,0.008634538152610442,0.009360500167745046,70.01477595711087
1.2517745138648724,0.28468423787333225,0.001606425702811245,0.00923694779116466,0.01431095393146713,92.31942926447466
0.887268267025975,0.14573714629542822,0.0014056224899598394,0.006827309236947791,0.007380257147255057,72.34517569479085
1.0990436505540313,0.22497625979741318,0.0014056224899598394,0.00823293172690763,0.01132093766050417,80.05895161097393
0.8082081660441748,0.12973656351436413,0.0012048192771084338,0.007228915662650603,0.006598574637437326,50.58446975907312
1.2342656474859324,0.2602138711979137,0.0014056224899598394,0.008433734939759036,0.01308702481088025,90.8451587448851
0.2810726997917381,0.057704546909091305,0.0014056224899598394,0.009638554216867469,0.0029685252340848726,10.454590661386687
0.7369798726072845,0.1701117022016224,0.001606425702811245,0.010040160642570281,0.008569322196592937,33.95527110037372
1.3246099298632892,0.3139550185204761,0.0014056224899598394,0.009839357429718875,0.015765560909020218,88.99307594149016
0.734856366047907,0.1496153837776717,0.001606425702811245,0.008032128514056224,0.007577685316355127,44.21930057518127
1.1728823566949438,0.253156598588273,0.0014056224899598394,0.009036144578313254,0.012728113370700348,77.39376014291904
1.04281022796851,0.24521518707162182,0.0014056224899598394,0.010441767068273093,0.012326285610415065,54.86235324465901
0.7351461460880385,0.1509085729445657,0.0014056224899598394,0.008634538152610442,0.00762755641894327,38.744095131358335
0.9934541937898737,0.24889320239263993,0.001606425702811245,0.0106425702811245,0.012502948413743104,47.889704499464855
1.0838729028182632,0.22338392836693288,0.001606425702811245,0.008433734939759036,0.011248385076054745,83.57495247978225
0.5432370200477812,0.11881535746104722,0.0020080321285140565,0.008835341365461848,0.006000325700957506,26.156347193395145
0.8058369746534252,0.15287082130938848,0.001606425702811245,0.00783132530120482,0.007736417317997433,61.82743495692513
0.16690890148896537,0.039231718580736645,0.0018072289156626509,0.00963855421686747,0.0020205601695815604,4.484542950212866
1.271745717589913,0.2968231220242345,0.0014056224899598394,0.009437751004016065,0.01490378712542561,86.3000233669868
0.09448988784053158,0.018505280876879037,0.002208835341365462,0.006224899598393575,0.0010125698344601928,2.147416877977504
1.0704676362857857,0.23035274251312496,0.001606425702811245,0.008835341365461847,0.011590710992679384,90.34899737578323
0.9587775532415521,0.19930507470104689,0.0014056224899598394,0.008835341365461848,0.010033572262266189,49.28595733856503
0.89615530462882,0.18000675930843904,0.0014056224899598394,0.00823293172690763,0.009075454722663905,48.906681417601796
0.9612914810945177,0.19710432126794292,0.0018072289156626509,0.008433734939759036,0.009953306807868347,77.09990214631702
0.5469336646733518,0.11334382043661939,0.001606425702811245,0.008634538152610442,0.005745890028579816,27.020140893454546
1.1650304227658124,0.25411579918220417,0.0018072289156626509,0.009036144578313254,0.012780862330949126,95.62589792226215
1.0908896322417057,0.2592326698474393,0.001606425702811245,0.009437751004016065,0.013028608708885366,71.99945657129997
1.0725792595824022,0.18182695639048657,0.0012048192771084338,0.0068273092369477905,0.009182694528845289,90.07044036790349
1.0270761579292753,0.2593804398177117,0.001606425702811245,0.0106425702811245,0.013026057150074695,62.75037715806802
0.7963086431102688,0.18065260745805828,0.0018072289156626509,0.009437751004016063,0.00909006751592257,42.181565416039334
0.9633509280825144,0.27189568616882676,0.0020080321285140565,0.011244979919678716,0.013647098037196654,54.91947854958611
1.0743757935034584,0.17470518961190212,0.0012048192771084338,0.0068273092369477905,0.008831745229116705,99.73397869372448
0.5034697483211714,0.10667889167184492,0.0014056224899598394,0.008634538152610442,0.0053861404758717086,20.276421982101944
1.3125403004580718,0.3014441950608006,0.0014056224899598394,0.00963855421686747,0.015145991680979149,98.9335926371372
1.2331792324248843,0.27987823300005105,0.001606425702811245,0.009839357429718877,0.01405988537008847,87.25417381496493
0.7823838991724286,0.169237116686884,0.001606425702811245,0.008835341365461847,0.008531820426877439,43.95009564979444
1.1324761507709846,0.24936755789475384,0.001606425702811245,0.009036144578313254,0.012524696203546957,95.19660642113288
1.3717236885380442,0.340954050941918,0.0014056224899598394,0.010642570281124497,0.017120109784482508,94.87267089036786
0.17944138067255233,0.032799975557658186,0.001606425702811245,0.007028112449799196,0.001732668607817138,5.987980513751734
0.5912396307417443,0.15148922783051502,0.0018072289156626509,0.011646586345381526,0.007618308492530636,22.438491049318333
1.2805998396580287,0.32274210209396853,0.0014056224899598394,0.010642570281124497,0.016218183174242742,91.97514234018713
1.112221530219134,0.27675544758061976,0.0014056224899598394,0.01104417670682731,0.013899281301572908,63.21323048142139
1.0397928029068844,0.24183371957267402,0.0014056224899598394,0.009839357429718875,0.012156118590595946,56.71479764512568
0.9651369337845925,0.2318097027145059,0.001606425702811245,0.009437751004016063,0.01165210267722143,56.49153219110139
1.0362696768067194,0.19614459763485698,0.0014056224899598394,0.00783132530120482,0.009894864355615735,97.87858713089517
0.8878448693591248,0.1703369963375769,0.001606425702811245,0.00783132530120482,0.008611242141739677,49.42207304209193
0.6080727721857664,0.12884117509797985,0.0018072289156626509,0.008433734939759036,0.006518997461577318,31.698711450501328
1.045567587364617,0.2816520163776912,0.001606425702811245,0.01144578313253012,0.014138253777449884,53.35822046293467
0.12578592157467,0.026751540832803934,0.0018072289156626507,0.007630522088353415,0.0014090863634652062,3.834550270158521
0.349197879666152,0.07218808382298743,0.001606425702811245,0.008634538152610442,0.0036929427241640597,12.503677352890008
0.6793467886255555,0.15377605430678065,0.0014056224899598394,0.009437751004016065,0.007738653774638356,28.348765154335677
0.9064333852861564,0.13762563216869134,0.0012048192771084338,0.00642570281124498,0.006993441241964426,72.2188546996717
0.8759207215477508,0.17772552419778667,0.001606425702811245,0.008634538152610442,0.00895314546970398,46.42489859101847
1.0151069824246355,0.24182763541498334,0.0018072289156626509,0.010040160642570283,0.012153819330039667,67.773839105619
1.2276172930825655,0.32174049851807457,0.0018072289156626509,0.010843373493975903,0.016153674325404314,90.27910506811493
0.292229230553925,0.07167483626921145,0.0020080321285140565,0.010642570281124497,0.0036293880200362074,9.900846830841648
1.16174100340983,0.21095259649365428,0.0012048192771084338,0.007630522088353414,0.010645623147031946,93.59346616640279
1.1503464900993983,0.2852062715915541,0.0018072289156626509,0.01104417670682731,0.014324418168724925,89.18070817307607
0.9876711535755142,0.20296860544015463,0.0014056224899598394,0.008433734939759036,0.010222790145906175,67.55193387500492
0.9990431479406232,0.196983292524322,0.0014056224899598394,0.00823293172690763,0.009949104052259704,68.70702823108229
0.5944125309205583,0.12211883680704101,0.001606425702811245,0.008835341365461848,0.0061903380158403205,30.640423127484308
0.4053668503994495,0.06935919531491871,0.0018072289156626509,0.007028112449799197,0.0035610822147089374,15.19633858314895
0.2832954825039098,0.06046733567948425,0.001606425702811245,0.007429718875502008,0.003093832241416047,9.947860753858661
1.1361280928644297,0.29204628382873243,0.001606425702811245,0.010441767068273093,0.014662432662801433,67.93484183279897
1.1495189386881235,0.2328470431179653,0.0014056224899598394,0.008433734939759036,0.011725855055822583,84.75168426057819
0.6635200566132285,0.19036797213856993,0.0018072289156626509,0.012248995983935744,0.009553963897662974,27.790519621867904
1.0412676670454657,0.20924168172073748,0.001606425702811245,0.007630522088353414,0.010554403567592099,75.03227157426277
1.0944912947986263,0.28601753709176536,0.0018072289156626509,0.010240963855421687,0.014366180797044483,73.93082369416321
0.9323507882028138,0.2084326937282863,0.0014056224899598394,0.009036144578313253,0.010484266455208054,51.074378849016256
0.9702903034677735,0.19522462570999896,0.0012048192771084338,0.00783132530120482,0.009837404045710225,50.81765438039832
0.4050564739536351,0.08568664943306586,0.0012048192771084338,0.00823293172690763,0.004353455082542976,14.989590593875125
1.0667071636139223,0.16319939571080425,0.0010040160642570282,0.006827309236947791,0.008287202196879449,77.46672705133287
0.9795483469569745,0.21009691981025913,0.0014056224899598394,0.00823293172690763,0.01058086405365295,72.48082158810746
0.6852410425552563,0.10569179610437433,0.0012048192771084338,0.006224899598393574,0.005419037118362729,43.72491698411349
0.9637366802070867,0.21378585649144066,0.001606425702811245,0.008835341365461848,0.010759275826113038,63.709643722226105
0.808089547258125,0.16048093129817345,0.0014056224899598394,0.007630522088353414,0.008091802106485914,45.669597511758845
1.01853107945278,0.1914650669228009,0.0014056224899598394,0.008032128514056224,0.00966829042033031,64.38786306255392
1.260493225490197,0.3763172528945725,0.0018072289156626509,0.012248995983935744,0.01888821860345119,83.29965234335273
0.7404439778989148,0.15701328674878237,0.001606425702811245,0.008032128514056226,0.007938207373041488,36.83864235609076
0.732494955224036,0.18693403412293833,0.0014056224899598394,0.0106425702811245,0.00939094266923454,27.493557303099646
1.1710783189808445,0.2642726822559528,0.001606425702811245,0.009236947791164659,0.01329131905298084,89.30003938568306
1.2078405526769989,0.27962687902985056,0.0014056224899598394,0.010040160642570281,0.014043723390340913,78.11667325814071
0.7281476744539788,0.18158214772643574,0.001606425702811245,0.010240963855421687,0.00912224851489219,32.56745319770683
1.0843409069037802,0.24941468545215845,0.0012048192771084338,0.010240963855421687,0.012536316714426987,58.478380638808424
0.0420225171946785,0.0009050647636534045,0.0008032128514056224,0.00020080321285140582,0.0002651087764808437,0.04223027475500629
0.989058355659877,0.2471815412351087,0.0018072289156626509,0.010642570281124497,0.012415626612867003,66.47517049784955
0.5286714380696178,0.11255882174910217,0.0014056224899598394,0.009036144578313253,0.005684771236931163,22.371421666337067
1.0280929576201654,0.24426858440789562,0.001606425702811245,0.009839357429718875,0.012281016760887675,68.15725977091657
0.1874154207661478,0.023737665753504413,0.0012048192771084338,0.004016064257028113,0.0013444371292211956,8.31313426640412
0.5784408877368984,0.1289344670746442,0.0018072289156626509,0.009036144578313254,0.006511544411807912,25.770776757465473
1.2018109509180661,0.26294169781391497,0.001606425702811245,0.008835341365461847,0.013230253652319125,95.79850823712601
1.068538564870047,0.2083544683912941,0.001606425702811245,0.008433734939759036,0.010498358739649596,85.90680849950775
1.1591388167919554,0.29380906172697757,0.001606425702811245,0.010642570281124497,0.014749418783383799,66.32534930761787
0.5468173756914934,0.11770265978736008,0.0018072289156626509,0.008232931726907632,0.00597139276947123,27.18532210206569
0.0437169800547477,0.005541723829603185,0.0018072289156626507,0.00020080321285140582,0.00039468705104028773,0.6786729828227811
1.3338016600239948,0.35356588779561504,0.001606425702811245,0.011244979919678714,0.017747249873156568,85.46436372334027
0.8644373111531815,0.17559964429215216,0.001606425702811245,0.008634538152610442,0.00884815161468434,51.22495989454836
0.9038132246240245,0.18454578839021968,0.001606425702811245,0.008032128514056224,0.009304135170914865,56.714799203905706
0.6870354565230254,0.1472650119026826,0.0014056224899598394,0.008433734939759036,0.007443525639905165,27.34082225149915
0.6127262640203134,0.13140234384280433,0.0018072289156626509,0.009638554216867469,0.006630774730055365,30.58180151795219
1.0995614136210734,0.28507824735571363,0.001606425702811245,0.01144578313253012,0.01431306943100246,63.32029672722339
1.1966671491425291,0.24847039574659582,0.0012048192771084338,0.008835341365461848,0.012497632867421851,80.5048045309095
1.116663875196543,0.25697649839583336,0.0014056224899598394,0.010040160642570281,0.012923216357863261,66.03468975495065
0.42903465976938904,0.10491357946019006,0.0018072289156626509,0.010040160642570281,0.005293266673928548,13.917244188328937
1.1328398076034756,0.2569341032424806,0.0014056224899598394,0.00963855421686747,0.012917764922481091,69.65216351977556
0.9728077316301185,0.23828615878870316,0.001606425702811245,0.010843373493975903,0.011985419162611883,54.30164781131464
0.8281227430211645,0.19498643438078322,0.0018072289156626509,0.010040160642570281,0.00980726912765049,40.7777975246711
1.1490414782700402,0.2998779444458815,0.0018072289156626509,0.011244979919678714,0.015057262126448753,74.36647590263348
1.1115659211235578,0.26693266744801375,0.0014056224899598394,0.010040160642570281,0.013410403821013913,62.61179194007701
1.2081917361291319,0.3052506360749786,0.001606425702811245,0.010843373493975905,0.01532411220915553,73.42502889022195
0.8929078197256666,0.24047830328197217,0.0014056224899598394,0.011847389558232932,0.012076348675538681,37.640834329558984
0.49186765715128544,0.10120420450215421,0.001606425702811245,0.00783132530120482,0.005148198336197467,21.525520722270073
1.17792423137976,0.2330652217381847,0.0014056224899598394,0.008433734939759036,0.011725052187722755,97.8144976590821
1.2507539907688559,0.30878427508131173,0.0014056224899598394,0.010040160642570283,0.015504200286823767,90.93434487318652
0.26589419588212054,0.05985907731662001,0.0018072289156626509,0.009437751004016065,0.0030798040101950794,9.633207068897187
0.9277941716749678,0.16801798063027829,0.001606425702811245,0.007429718875502008,0.008500162471901001,70.9428259601834
0.43408983050288336,0.0760323219693421,0.0014056224899598394,0.006827309236947791,0.003909614590899368,22.582268668371363
0.9011189078823758,0.2422365109657487,0.001606425702811245,0.01104417670682731,0.012163849504371115,37.69890667419668
1.194524409571314,0.2557681327346138,0.0014056224899598394,0.009036144578313253,0.012860280667894936,95.5282795959359
0.8853684918783566,0.23268882396132495,0.001606425702811245,0.0106425702811245,0.011683765507596255,43.280820770083075
0.6694862400871487,0.08741724783350764,0.0010040160642570282,0.005823293172690763,0.004480080425310138,42.878924737877796
1.0251143233422846,0.25718669081123063,0.0018072289156626509,0.010040160642570281,0.012931924476109306,78.6353340004581
0.9332306535757222,0.22849036092136502,0.001606425702811245,0.009839357429718877,0.011473948977997372,46.658792289681664
1.3324380351435572,0.3168985032801332,0.0014056224899598394,0.010441767068273093,0.01591293642017741,88.8568898995539
0.6778153003343015,0.1296217341884873,0.0014056224899598394,0.008032128514056226,0.006557639296019157,31.47563215173537
0.370487098571092,0.09034602354051333,0.0018072289156626509,0.009839357429718877,0.004559269462059611,12.093663691397472
1.0260112234018763,0.23218595307555712,0.001606425702811245,0.008835341365461848,0.011678827851955852,61.715778645857775
1.0180433973977407,0.2488562628993431,0.001606425702811245,0.010040160642570283,0.012503395081141871,59.49762684324956
1.0863125936729006,0.2351073047252994,0.001606425702811245,0.008835341365461848,0.01182241900999531,74.22833387783814
1.1598553596165657,0.23556486859021308,0.001606425702811245,0.008433734939759036,0.011859746851540743,99.41164721969997
1.0115940243823522,0.23505645533900965,0.001606425702811245,0.009839357429718875,0.01181340349731794,57.46269686506573
1.188283748768789,0.2741262783010385,0.0018072289156626509,0.009437751004016065,0.013771470865076615,94.49415615051949
1.0805204669902158,0.19945092609708617,0.0014056224899598394,0.007228915662650602,0.01006071394948577,89.2342183170486
1.2050793930347852,0.2973737903108018,0.001606425702811245,0.009839357429718875,0.014941845296272852,94.70433364008206
0.10169004704833678,0.021634990074246272,0.0034136546184738957,0.007429718875502009,0.001181282180447815,2.978136630703554
0.5786153974861995,0.12345535478525374,0.001606425702811245,0.008634538152610442,0.00624728586216367,25.678260595772752
0.6070953026608313,0.148528676812961,0.0014056224899598394,0.010240963855421687,0.007471080677827628,25.976683767717013
0.9261464997624144,0.17831828886147671,0.001606425702811245,0.00783132530120482,0.008995206375726601,54.11758655941977
0.8101594256029342,0.20954164809755685,0.0018072289156626509,0.010240963855421687,0.010534682881214636,40.56987808614386
1.2279181268186825,0.3054089084683001,0.001606425702811245,0.010441767068273093,0.015338427528202091,90.86203337668995
0.6406868721467245,0.12866770364380944,0.0014056224899598394,0.008032128514056226,0.006507019918519596,31.072224857520204
0.7009925369888147,0.16534278956296797,0.001606425702811245,0.009236947791164659,0.008315344863214245,30.04418003495848
0.47168094375427183,0.10086235338040772,0.001606425702811245,0.009036144578313253,0.005106703789577329,18.26106248984646
0.5396404940485803,0.12214146092414674,0.001606425702811245,0.009839357429718875,0.00616133450903557,22.33341591911374
0.8727262009982087,0.17316559838721052,0.001606425702811245,0.007831325301204818,0.008721549067537273,63.293632044117565
0.9427014352853029,0.20959229924439352,0.0014056224899598394,0.009437751004016065,0.010533292814169308,44.78996789951588
1.371639948738763,0.3954379707388832,0.0018072289156626509,0.012248995983935744,0.019847314412936756,98.58465738350391
0.9700384043055603,0.208773604147165,0.0014056224899598394,0.008634538152610442,0.010516119276084129,62.52800080492394
0.6379751249830069,0.14238504959378423,0.0018072289156626509,0.009839357429718877,0.007173447627688681,30.736733171141505
0.5863718720419351,0.11852057443511727,0.0014056224899598394,0.009036144578313253,0.005990361462599732,24.99460275356673
0.9300321733025835,0.2500859240997741,0.001606425702811245,0.011244979919678716,0.012564039458340961,50.58751786615813
1.144489800593792,0.26912545509792707,0.001606425702811245,0.009839357429718875,0.01351514655154315,75.53384468825513
1.0330638598227369,0.24136378733436273,0.001606425702811245,0.009839357429718875,0.012134091770440142,65.15350106547639
0.8486099347210696,0.13865425844289975,0.0012048192771084338,0.006827309236947791,0.007033952244417411,55.642332212685844
1.2044285137997672,0.3035467568677114,0.001606425702811245,0.010843373493975905,0.015240573232633343,79.44167924360693
0.8142181214786413,0.12371838034849683,0.0012048192771084338,0.006626506024096385,0.006296555602259674,67.41850405842358
0.91761924764813,0.16955832897675807,0.0014056224899598394,0.007831325301204818,0.008548676895480712,62.49728658320453
1.0821509116651264,0.26638289157754985,0.001606425702811245,0.0106425702811245,0.013377038067143066,64.66324024599554
0.9339544982576161,0.17272792196275144,0.0014056224899598394,0.0070281124497991974,0.008722998629987086,62.01977930391902
0.9079908052885662,0.20746437314990965,0.0018072289156626509,0.009638554216867469,0.01044626158277419,61.370792812691924
1.1493350179450854,0.21747614446231886,0.0014056224899598394,0.008433734939759036,0.010964449829047726,98.7289977459561
1.2428172889940858,0.2830735226881168,0.0014056224899598394,0.00963855421686747,0.014221524274484943,87.83770575302222
1.0515791054910577,0.2678767892293253,0.0014056224899598394,0.010843373493975903,0.01344713392895959,55.27365657475312
0.9058569990265575,0.20277818042865264,0.001606425702811245,0.009036144578313254,0.010195244652580282,54.18600367643067
1.1723110056702852,0.30989419611584745,0.0018072289156626509,0.01104417670682731,0.015560940009190624,90.70070954440787
1.0993443442762516,0.25822516155381536,0.0018072289156626509,0.00963855421686747,0.012978478061235336,87.01614130165297
0.5369306318592202,0.11500532271735524,0.001606425702811245,0.008835341365461848,0.0058070660273526,21.741748300951713
0.47039027483351276,0.07884140207443105,0.0014056224899598394,0.0070281124497991974,0.004040698448042236,23.221945454881766
0.511869175963315,0.13637874151576967,0.001606425702811245,0.01104417670682731,0.006856204158590299,18.998871505465374
0.34137667131679583,0.08048618963465437,0.002208835341365462,0.009036144578313254,0.004100116973487965,13.392883437805803
0.39469707373740176,0.07159199671794231,0.0018072289156626509,0.0072289156626506035,0.0036816912608760707,19.226891220984676
0.5061186474036466,0.0959385582927438,0.0014056224899598394,0.007028112449799197,0.00488932816568236,25.88408339017588
0.9052208006764484,0.12556659705563886,0.0012048192771084338,0.005823293172690763,0.006414108321865441,93.84559675304371
1.0467458212976442,0.2949310815635536,0.0020080321285140565,0.012048192771084338,0.014805733831043683,66.88489685636057
0.7115301422897952,0.13997593807656708,0.0014056224899598394,0.008032128514056226,0.007077849071917786,32.740079721081685
0.9257888664080849,0.192413819992909,0.0014056224899598394,0.008634538152610442,0.009681556411635288,52.05393457204682
0.7801290518357784,0.16073217552899066,0.0014056224899598394,0.008634538152610442,0.008120015634917052,38.77333478994216
1.1539734690540127,0.2856256568715254,0.001606425702811245,0.010040160642570281,0.01434624109199968,76.47872275252625
0.19064026755077115,0.0395710423015995,0.0026104417670682733,0.007228915662650602,0.0020503963959189538,5.266800502045477
0.8930775136284175,0.20422662249440612,0.0018072289156626509,0.009437751004016063,0.010274713534418774,53.383294371829436
0.8077380690560623,0.1476443014747779,0.0012048192771084338,0.0072289156626506035,0.007463408545575969,49.1559063480699
1.1593976306300506,0.288895897663676,0.0018072289156626509,0.010040160642570281,0.014507011680655914,85.47028308074
1.2013707480785738,0.26360952559024114,0.0014056224899598394,0.009839357429718875,0.013267107582550466,75.28782774873538
0.6474589331802296,0.0963531849642973,0.0012048192771084338,0.006224899598393573,0.004938262384425974,39.61465139599718
1.3058819546147609,0.2959591711724622,0.0014056224899598394,0.009437751004016065,0.014870173824402304,95.53714968538699
1.1167728517839377,0.20626756742607055,0.0012048192771084338,0.00783132530120482,0.010401963173917509,90.64139260615843
0.8981567156053374,0.15734786385507613,0.0012048192771084338,0.0070281124497991974,0.00796879884498156,59.28619906007522
0.879597956597091,0.18767995209489577,0.0014056224899598394,0.008634538152610442,0.009464979211288969,47.66266080889579
0.5026405644807656,0.07527203497172051,0.0014056224899598394,0.006425702811244979,0.00386675776769766,22.55923994918283
0.6619001355791617,0.18045078726320016,0.0018072289156626509,0.011646586345381526,0.009061399693182726,26.010662051428746
1.0086036840906445,0.24343770407171714,0.001606425702811245,0.010441767068273093,0.012228259542496945,60.078949278836525
1.2645430607002355,0.3100032314729931,0.0014056224899598394,0.010441767068273093,0.015573203319514492,77.03822803251762
0.7432644086979109,0.20308972412013507,0.0020080321285140565,0.010642570281124497,0.010201102534638337,36.44394521127552
0.5348638106095607,0.08129134115252619,0.0012048192771084338,0.005823293172690763,0.0041991252853989525,27.25052406379551
0.9796152579463075,0.1637765817030192,0.0012048192771084338,0.007228915662650602,0.008272087284427656,72.5560278441111
0.6343704686830575,0.12238691557861911,0.0018072289156626509,0.008032128514056224,0.006211875582459582,31.3834097135431
0.7365227909123001,0.16276253888493958,0.0012048192771084338,0.009437751004016063,0.008192690606985638,31.406540207554723
0.8777358910641163,0.19717925344510442,0.0014056224899598394,0.009638554216867469,0.00991365021646201,40.047741811957515
0.4115795302454062,0.06492639586516402,0.0014056224899598394,0.006024096385542169,0.0033589356396959112,17.102827184643697
1.0765966510142895,0.24548391963221838,0.001606425702811245,0.009638554216867469,0.012345653791176211,74.2964228741762
0.5310276747764074,0.13549852062756104,0.0014056224899598394,0.010040160642570281,0.006808493895496181,17.93108293066097
1.0389127894396588,0.19239446174506258,0.0012048192771084338,0.007630522088353414,0.009717855963165893,72.69014397312162
1.0537970461684791,0.246598818428073,0.001606425702811245,0.009839357429718875,0.012390280568110854,61.47401046419696
1.1468212337129822,0.2929570274093253,0.0018072289156626509,0.010040160642570281,0.014711034819051094,87.7497638486242
0.9272214924940139,0.22242778325452317,0.001606425702811245,0.010040160642570283,0.011177505036131501,50.17122916559781
0.5804141011153254,0.13158677730503043,0.001606425702811245,0.009036144578313253,0.006632636905319459,22.845717506414797
0.9504997300645495,0.17365695316158883,0.0014056224899598394,0.00783132530120482,0.008775505512913737,72.12395292914965
0.8296963738461767,0.213087939011575,0.0020080321285140565,0.010441767068273093,0.010713464439705873,43.18930293190615
0.9694386160344186,0.18406080083821894,0.0014056224899598394,0.008032128514056224,0.009278826555777378,61.146656558953424
0.7417101066202789,0.15217557457766087,0.0014056224899598394,0.008634538152610442,0.007670977635242444,32.69701031302061
1.082848459601081,0.2411500922632742,0.001606425702811245,0.009036144578313253,0.01213374408167042,72.16090377379498
0.4337491421956159,0.07796918523891706,0.002208835341365462,0.006827309236947791,0.004006205001705223,17.049088179667038
0.8536305242710428,0.1882485352136636,0.0012048192771084338,0.00923694779116466,0.00948253649559514,36.07912792241878
0.38913758799243775,0.09608601743161384,0.001606425702811245,0.00963855421686747,0.004844801664801904,13.902698911544697
0.934003101367139,0.2305177076805194,0.001606425702811245,0.010441767068273093,0.011581037008800515,46.790420585174445
0.48818821967137854,0.11002674667541056,0.0014056224899598394,0.009437751004016065,0.005553351688290543,19.27715706304971
0.6446697877982535,0.16470817669829216,0.0020080321285140565,0.01104417670682731,0.008294773341952912,32.161852091650836
0.8075519600364869,0.16655768675588833,0.0014056224899598394,0.009036144578313253,0.008390100584621859,41.107043716361815
1.2278545285663702,0.30444581971805573,0.001606425702811245,0.010040160642570283,0.015290875297148617,92.49849677939653
1.174396087655436,0.31709784278121755,0.0018072289156626509,0.011646586345381528,0.015921164205345683,70.67386269118003
0.9024780045013522,0.2627341797498645,0.0020080321285140565,0.011847389558232932,0.01318836879363956,41.430216789780474
1.22860784958574,0.28148344078447046,0.001606425702811245,0.009236947791164659,0.014149232458538757,97.54769348607473
1.150836511044885,0.2468256980928384,0.001606425702811245,0.008634538152610442,0.012413789441872523,94.44620949559302
0.35745850199808565,0.09781637096088536,0.0020080321285140565,0.011646586345381526,0.004952400386245558,11.285449403266522
0.36664182084552005,0.09397500296710645,0.001606425702811245,0.010240963855421687,0.004749764740366423,12.78731495659442
0.4494370668121452,0.12152816230734345,0.0020080321285140565,0.010240963855421687,0.006114605292270522,15.633752258864753
0.9974422834680354,0.19018551862190008,0.0014056224899598394,0.007630522088353414,0.009607357428805927,70.65773165267048
1.2065640065438512,0.24986436999120396,0.0014056224899598394,0.008634538152610442,0.01256428649956096,93.89831231549157
0.677126994188174,0.1528541686793352,0.001606425702811245,0.00963855421686747,0.0077140603253588284,26.669270912690003
1.221645449337772,0.24254942401183313,0.0012048192771084338,0.008433734939759036,0.012217724978756842,90.86638118921289
0.7491359474347673,0.13921020133047726,0.0014056224899598394,0.00783132530120482,0.007037696715615629,41.942540717501544
0.20624440536499467,0.03912906314172983,0.001606425702811245,0.006425702811244981,0.0020444396351182374,6.090250809401654
0.3459387250333071,0.05979030856372663,0.0014056224899598394,0.007429718875502009,0.0031052324459350687,12.627247196683445
0.2878169046864871,0.05657097144088329,0.0024096385542168677,0.00783132530120482,0.002922768279503778,9.801804373030931
1.0483948158655985,0.20199306970096384,0.0012048192771084338,0.00823293172690763,0.01019076336538803,67.67837701526207
0.03284242239220921,-0.0007277149468852505,0.010040160642570281,0.0004016064257028121,0.00020288835237352532,0.05328229642375115
0.7456927728772074,0.15010276297484737,0.0014056224899598394,0.008232931726907632,0.007576376345666165,35.03166477744496
1.1679013424328786,0.2716341430260667,0.0018072289156626509,0.009236947791164659,0.013644375339301924,95.83630209139153
0.9157345672612236,0.2009301238647177,0.0014056224899598394,0.009236947791164659,0.010119859137467152,50.65347767280333
1.0314772186006977,0.26861849097931756,0.0020080321285140565,0.011244979919678714,0.013493810928073079,66.76049160775378
1.1471898186044682,0.28261116728231095,0.0014056224899598394,0.010843373493975905,0.01418734414946714,67.89848302513005
0.8998287527147981,0.16940866819892908,0.0014056224899598394,0.0072289156626506035,0.00855697253904344,47.966067781172505
1.369431211662052,0.3372190124972966,0.0014056224899598394,0.010642570281124497,0.01693134996742624,97.90300371716418
0.32297968499424456,0.07754582556968373,0.001606425702811245,0.009236947791164659,0.003939425232590406,10.5993944433018
1.0792751270867202,0.26258996690577746,0.0018072289156626509,0.00963855421686747,0.013191473947899351,76.34824831614448
1.1449781623195125,0.3035727973052929,0.001606425702811245,0.011244979919678714,0.015242144247703732,66.35982741333198
0.4966257773266247,0.11019616343098207,0.001606425702811245,0.009236947791164659,0.005583575984384945,18.622559754902756
1.1330514799198221,0.183710896966594,0.0012048192771084338,0.006827309236947791,0.009285793088735426,86.06484806933449
0.37593769358116125,0.06741840630413987,0.0018072289156626509,0.006626506024096385,0.0034506592957299974,13.904170175888385
0.8805872182271708,0.22831667402046701,0.0018072289156626509,0.010843373493975905,0.011462287778679622,40.75317902999611
1.055849483833636,0.2535323247057414,0.001606425702811245,0.010441767068273093,0.01273888987990206,63.70966454158455
0.708099111046368,0.17478386083621142,0.001606425702811245,0.00963855421686747,0.0087816202136618,31.766771722900277
0.46728907231026073,0.0944479435668733,0.0020080321285140565,0.008634538152610442,0.00479577922748075,19.907987640613168
0.9110816789839429,0.22822012146779194,0.0018072289156626509,0.0106425702811245,0.011471823530588317,52.485445507235575
0.9981080812794522,0.2707476755240479,0.001606425702811245,0.011847389558232932,0.013597631122249737,55.56142423265605
0.9821263942817265,0.16649397856864703,0.0012048192771084338,0.007028112449799197,0.008407497117392899,74.15269212542206
0.5105030130550086,0.11483048469856315,0.0018072289156626509,0.009236947791164659,0.00580172410058595,19.92096686128011
0.6105499927605379,0.15927081473824534,0.0020080321285140565,0.010642570281124497,0.008015655289115742,27.67036347808398
1.0920631937193055,0.2818568053678151,0.0018072289156626509,0.011244979919678716,0.014151105734163928,71.57214685362779
1.0177775908556814,0.18198392041615322,0.0012048192771084338,0.007429718875502009,0.009195353934525367,72.84765532032189
1.1399191591309885,0.2819250819969034,0.001606425702811245,0.010642570281124497,0.014161946413529353,77.71817585688991
0.46372606529592053,0.09830153745718487,0.0012048192771084338,0.00783132530120482,0.004986880547839923,16.1762762154276
0.6974070306131915,0.14459013298085488,0.001606425702811245,0.008835341365461848,0.007298613203925992,40.12888510976037
0.7284623980178806,0.18739962538010085,0.001606425702811245,0.01104417670682731,0.009422035323698641,33.389293881481976
0.7460801451241417,0.13423089186295245,0.0014056224899598394,0.0070281124497991974,0.006803652084741629,42.897741937286746
1.1906783135118268,0.30937635332073427,0.001606425702811245,0.011244979919678716,0.015532679197047341,82.39599614456941
1.190864196673883,0.27557913974985315,0.0014056224899598394,0.009839357429718877,0.013844653320519339,86.84274654746464
0.25016465379386016,0.06129262940204165,0.0020080321285140565,0.009236947791164659,0.003119997940604034,8.719026494070981
1.085903073574077,0.17498459615797798,0.0012048192771084338,0.006425702811244981,0.00885189004136079,81.90258106752367
1.2110245672374067,0.34634476334128145,0.001606425702811245,0.012650602409638554,0.017385803716599754,69.49864772620064
0.49745139062441274,0.1149306173402744,0.0020080321285140565,0.009839357429718877,0.005815728922140538,26.55528332930818
0.949110067922711,0.15968608928706066,0.0012048192771084338,0.007028112449799196,0.008110204257146248,71.21927829246121
0.896882141547454,0.23581351182026156,0.0018072289156626509,0.011244979919678714,0.011850196047363393,47.88622467043183
0.899364084518067,0.1702276116213783,0.0014056224899598394,0.007630522088353414,0.008583863470362722,51.191151394463965
1.1628031927334226,0.19180563900905445,0.0012048192771084338,0.006626506024096386,0.00969669762713667,98.36603623413764
0.879972880583407,0.11654950258441253,0.0010040160642570282,0.005421686746987953,0.005989818538842507,67.60754090817427
0.7759877378157842,0.1689016655032167,0.0012048192771084338,0.008835341365461847,0.008489974045541932,34.21935167521962
0.8151450647923036,0.1984361887726986,0.0020080321285140565,0.0106425702811245,0.009972238573742949,41.4025996283265
1.0833960762392791,0.2180648898207682,0.0014056224899598394,0.008835341365461848,0.0109776230275571,75.90226917928085
1.250177997950904,0.2665310306918836,0.0012048192771084338,0.009036144578313254,0.013390044007340056,70.70368283772228
0.9905902445039034,0.15617252629910347,0.0012048192771084338,0.006224899598393575,0.007928465175628651,76.12422624304172
1.2192550347962272,0.2195732708979852,0.0012048192771084338,0.007630522088353414,0.011074168197661232,90.49745862361199
1.0356787660894953,0.25393942937714536,0.001606425702811245,0.0106425702811245,0.012769860259060154,64.48935595003442
0.40171750798518957,0.06159624952688386,0.0014056224899598394,0.007028112449799196,0.0031861448649467055,21.43739464396852
0.9226189605003825,0.17145553724058069,0.0014056224899598394,0.007831325301204818,0.008668255440140663,53.79734288770439
0.952048872016577,0.17444564351003758,0.0014056224899598394,0.007630522088353415,0.008802983058286232,53.79848703471766
0.9800333820769285,0.21510959624498663,0.001606425702811245,0.008634538152610442,0.010823067526315382,61.786277236718654
0.6709758418623769,0.160919531064522,0.0014056224899598394,0.010040160642570281,0.008096879582743117,28.041993801563713
0.8437247645197339,0.15602664461782337,0.0014056224899598394,0.007228915662650603,0.007901736375075012,61.800330907818676
0.25016126501663205,0.06327254491090065,0.0024096385542168677,0.007831325301204818,0.003210307224963196,7.383235091730455
0.7039342873148764,0.1526827052348296,0.0014056224899598394,0.008634538152610442,0.007691689488540853,30.28024530462069
1.14237254983985,0.2606667698487745,0.001606425702811245,0.009236947791164659,0.013092219582213961,80.63769292221235
1.0111056714436446,0.23467920582607804,0.0014056224899598394,0.009638554216867469,0.011794835897955878,61.0685475017677
0.5904658029063274,0.13367289931650297,0.001606425702811245,0.008835341365461848,0.00673633190360318,25.20357167776104
1.229445085498724,0.2718850789651188,0.001606425702811245,0.009036144578313254,0.01367532051563727,99.88446784562063
0.6590114258566191,0.1701617411281432,0.001606425702811245,0.010843373493975905,0.008546577905424072,27.22302368964162
1.0003551222154734,0.19767265048752652,0.0014056224899598394,0.008433734939759036,0.00998112012842167,75.81417155921709
0.10075677452489265,0.016008183283171464,0.0018072289156626509,0.006224899598393573,0.0009079471023539905,2.3143604864703127
0.413034448773537,0.08661842881307734,0.0018072289156626509,0.009236947791164659,0.004397609740593149,15.746132046146478
0.9690781443855413,0.2378774871408892,0.0018072289156626509,0.010040160642570281,0.011944587444526688,56.50887988067983
0.45143565862535456,0.061217455607222325,0.0012048192771084338,0.005823293172690764,0.0031661801877522567,20.614406855889357
1.2286698285447595,0.2781518314461166,0.0014056224899598394,0.00963855421686747,0.013984366938971652,99.258377566744
0.911846204487337,0.18852537904709452,0.001606425702811245,0.008634538152610442,0.009503710558416067,67.2437099149015
1.0008641565755187,0.23233794721972348,0.001606425702811245,0.009839357429718875,0.011681331422428155,65.58703512447259
0.5996930744343246,0.1257034017702677,0.0014056224899598394,0.009036144578313253,0.006366290038745684,28.65053219161665
0.4534418055909932,0.10592922845615366,0.001606425702811245,0.009036144578313253,0.005353228023907339,18.694577809642986
0.30375154455668807,0.07102547115949717,0.0012048192771084338,0.009236947791164659,0.0036107737197727703,10.1393636384688
1.1599657573848343,0.3019400297052188,0.0018072289156626509,0.0106425702811245,0.015160434206657334,71.41287882390525
0.5425588272558781,0.1022100716435074,0.001606425702811245,0.00783132530120482,0.005190058781050063,22.986614732127443
0.11259842482235777,0.022990697911857285,0.0034136546184738957,0.005622489959839357,0.0012250368278238287,2.7732086915433607
0.9506891602126689,0.26594899987724796,0.001606425702811245,0.011847389558232932,0.013352216319604064,45.1389734971141
1.1169273366299637,0.18852629104840982,0.0012048192771084338,0.007028112449799197,0.009517710725335504,75.93618572472606
1.1847419696616288,0.3266755800177386,0.0018072289156626509,0.011847389558232932,0.016396877387397837,69.97285102440682
0.8852949740310155,0.18057233033980377,0.0014056224899598394,0.008433734939759036,0.009112867564795443,54.56362077178354
0.42990312340581166,0.07887502996075434,0.001606425702811245,0.007429718875502008,0.004034380609995872,19.784578699591858
1.2135317549694034,0.2645260034643357,0.0014056224899598394,0.009236947791164659,0.01329477444880126,95.09684996648001
0.5221262268576259,0.13500444649692456,0.0014056224899598394,0.011445783132530122,0.006792496330158827,17.927264269437515
0.10874098745858288,0.021126338288942687,0.0020080321285140565,0.005823293172690764,0.0011417255353265024,2.8513377057562628
0.9611685251648133,0.22496876243773198,0.0014056224899598394,0.00963855421686747,0.011308170219382054,54.87587530158828
0.16411061417233191,0.02345211435089397,0.001606425702811245,0.0050200803212851405,0.0013023305173849244,6.250291780054839
0.47016552208510626,0.10848595106004094,0.0018072289156626509,0.009437751004016065,0.005486732784403109,20.089736319093042
1.0151986351786386,0.20556777248524144,0.0014056224899598394,0.00823293172690763,0.010347217158547877,57.82497185299589
1.0129264634727229,0.21538754385398842,0.001606425702811245,0.009236947791164659,0.010845277459332234,77.61124392945693
1.0595944730514935,0.2083307323961026,0.0014056224899598394,0.00823293172690763,0.010515376616656032,87.19227858115566
0.88682270366971,0.15459772570015642,0.0014056224899598394,0.006626506024096385,0.007829909892819183,62.66905003537522
1.1965617563148472,0.2945319057627024,0.001606425702811245,0.0106425702811245,0.014789064146610392,85.86394006402995
1.1633811755091166,0.23864770207387026,0.0014056224899598394,0.008032128514056224,0.012015424016142771,97.42278573038051
0.31670344618351864,0.05477969120065129,0.0014056224899598394,0.007228915662650603,0.0028695852169928356,12.220068868490175
0.3461776364626711,0.07676789149426069,0.0018072289156626509,0.009437751004016065,0.003897477092130669,11.916417652793132
0.967233160343434,0.1731707571220425,0.0014056224899598394,0.007228915662650602,0.008734387983456094,76.17075485289244
1.2305065426525517,0.2667642548192889,0.0014056224899598394,0.008634538152610442,0.013417175930078656,99.92763904545072
0.7271247649982099,0.1061755961092205,0.0012048192771084338,0.005622489959839359,0.0054473763269042436,51.9641956067191
1.2872826481645343,0.31526099574804706,0.001606425702811245,0.010240963855421687,0.015829051809530377,97.10184901141943
0.7340242977131846,0.12454674900496564,0.0012048192771084338,0.0070281124497991974,0.006314940364754763,44.45309647058484
1.0951235005008617,0.24016083029154944,0.001606425702811245,0.00923694779116466,0.012073288441756567,74.79092738845446
1.2868830346770104,0.2997189648241225,0.0014056224899598394,0.010040160642570281,0.015056737086309687,86.54045557844762
1.0862215613255053,0.23524079629688716,0.001606425702811245,0.008634538152610442,0.011826369857358169,83.10604483159287
1.1052072630500764,0.24078052874731223,0.001606425702811245,0.009036144578313253,0.01210816022735439,84.20745040488356
0.48672623233071666,0.11449005400548178,0.0018072289156626509,0.009437751004016065,0.00577445857327619,19.669293939051112
0.49545114321561456,0.11778889553437846,0.001606425702811245,0.009437751004016063,0.005938327099015451,18.607385149317825
0.21282793924584148,0.0537829836284474,0.002208835341365462,0.009437751004016065,0.002728001738645794,5.867821897142155
0.7826425591459688,0.16694821038310648,0.001606425702811245,0.009036144578313253,0.008413246229348723,34.366379957687734
0.09208483205780242,0.01478812521420106,0.0038152610441767073,0.0032128514056224897,0.0008824663031382585,3.4098707158610075
0.7170567626222661,0.11805734208531897,0.0014056224899598394,0.006425702811244979,0.006010024950266988,43.90515031798492
0.2255434408328901,0.052588908416656935,0.0014056224899598394,0.008232931726907632,0.0026922696983809067,6.899072008777141
0.8556167835264775,0.15777707112435166,0.001606425702811245,0.007630522088353414,0.007971363030805203,58.03645994796732
1.0178103333142412,0.23640938013747262,0.0014056224899598394,0.009437751004016063,0.011881763815394152,60.86166270953714
1.103180016391287,0.2429117226795354,0.001606425702811245,0.00963855421686747,0.012226712046574433,91.62443274725422
0.0638507586836165,0.012289549818087046,0.002208835341365462,0.0010040160642570285,0.0007156416560328673,1.3339712500022305
0.041652158995472026,0.007180815617838809,0.0006024096385542169,0.0008032128514056226,0.00048470097230463624,0.6087609794153237
1.1306941479769377,0.24122303680706508,0.0014056224899598394,0.009437751004016065,0.012135837959095824,78.3874470129915
0.511482674847243,0.13322684841836172,0.0014056224899598394,0.010642570281124497,0.006710712460611434,18.403073541079007
0.6257626082440233,0.14678624241067054,0.0018072289156626509,0.009036144578313253,0.00740223408877941,26.119661408362237
0.5758039823422563,0.0769649669014715,0.0012048192771084338,0.005622489959839357,0.003988453746563207,47.09860664632796
1.2890593626165565,0.31234006189737046,0.0014056224899598394,0.010441767068273093,0.015684447892586915,76.01548557872495
0.7489673769250409,0.21036957661984504,0.0014056224899598394,0.011646586345381528,0.010565027402565794,29.819005963574142
0.9003493086928385,0.23752385874981305,0.001606425702811245,0.011847389558232932,0.011929019872291632,41.70847647212932
0.5420907612016229,0.11764516930117079,0.0018072289156626509,0.00823293172690763,0.005932352589884381,23.89753789319372
0.8865330394881193,0.19086691996413074,0.001606425702811245,0.009437751004016065,0.00960684983742888,50.37331434148965
1.2041728308339732,0.2959447032304049,0.001606425702811245,0.009839357429718877,0.014867141060951324,80.08544555477984
0.2423634198940354,0.04029164208359876,0.0014056224899598394,0.006024096385542168,0.002133034874460754,9.36272911960322
1.1038658214839918,0.21729583039029388,0.0012048192771084338,0.008232931726907632,0.010936729254917893,66.73604656912887
0.47876237041945935,0.10977979255845301,0.001606425702811245,0.009437751004016063,0.005545013027905603,20.422894980877782
1.2378987786014044,0.34637360551091045,0.0018072289156626509,0.011244979919678714,0.01738807764684966,86.7899837067585
0.5023532541348189,0.07855633738193812,0.0012048192771084338,0.006626506024096385,0.004040824009718514,26.13300299316259
1.2524999275190953,0.29491976468398634,0.001606425702811245,0.010441767068273093,0.014809261168850469,93.10316771428951
1.0734923040510762,0.27231450512015454,0.0018072289156626509,0.010843373493975905,0.013677628829562308,59.58173473631797
1.1785171897867575,0.3235541083445583,0.0018072289156626509,0.011847389558232932,0.01624410689155039,85.78236721836397
0.5541565210435845,0.08159418970071802,0.0014056224899598394,0.006024096385542169,0.004169414355210631,29.933794183795946
1.035091941370293,0.2565890509027973,0.001606425702811245,0.01104417670682731,0.012889472915100697,60.197564829973906
0.4340124128941948,0.08740726159569229,0.001606425702811245,0.00823293172690763,0.004472686333140672,16.93338242936727
1.033581532605156,0.22361457417626376,0.0018072289156626509,0.008835341365461848,0.01124911673545315,71.72702601400319
1.1918417986209653,0.3078785777325917,0.001606425702811245,0.011044176706827311,0.015454339342103246,78.07511815140592
0.9198851440108152,0.15567964600020306,0.0012048192771084338,0.0070281124497991974,0.007882648762717145,68.73283878327004
0.41237577431279737,0.06753015498797436,0.0012048192771084338,0.006626506024096386,0.003476205507387179,17.31919409798719
1.1824923974315489,0.2577755529155274,0.0014056224899598394,0.009036144578313253,0.012963279969010004,84.76272867763974
0.5355904085325074,0.10112459298975175,0.001606425702811245,0.006425702811244981,0.005144263844841772,26.370914894813545
0.7276695687409304,0.14507705647756614,0.0014056224899598394,0.008433734939759036,0.007340689357981732,36.01361252482577
0.8978594107071753,0.20584283890296662,0.001606425702811245,0.010040160642570281,0.010354726665301935,39.890613156179676
1.2134808509777066,0.3380584955868052,0.001606425702811245,0.012248995983935744,0.016971227950963823,72.71501293188342
1.0786465756572756,0.2149258380898948,0.0014056224899598394,0.008433734939759036,0.010830906940696397,72.78944663350917
0.8911858875593891,0.163366090455863,0.001606425702811245,0.007630522088353414,0.008248433273857438,52.28720749844311
1.0623668710374459,0.20578177927765984,0.0012048192771084338,0.00823293172690763,0.010366352024596516,62.173177250257325
0.9885710991735837,0.2563049640670215,0.001606425702811245,0.011244979919678714,0.01287211529964244,57.399557277646466
0.9552403887101824,0.22506484847624905,0.0018072289156626509,0.009638554216867469,0.011311693682424722,56.061032270484404
0.8183582759602785,0.21421091569757575,0.0020080321285140565,0.011646586345381526,0.010764066184395462,39.18540813686775
1.2359848504839253,0.2615401380136854,0.0014056224899598394,0.009236947791164659,0.013142468959480364,84.40589431946648
1.1089229301796424,0.24940328811970905,0.001606425702811245,0.00963855421686747,0.01254738815306757,88.1819926049037
0.39798407617355225,0.08267015289456496,0.0018072289156626509,0.008433734939759036,0.004205045770450171,16.456532433448025
0.9175310049740512,0.1903136135752063,0.001606425702811245,0.008634538152610442,0.009578095955628921,55.15039438170179
0.7095404204718616,0.13130403818017514,0.0014056224899598394,0.007429718875502008,0.00663615505856515,38.04941299727279
1.2469019960792906,0.26456270099886436,0.0014056224899598394,0.009036144578313253,0.01330655560439832,90.50730164824773
0.14364326774367922,0.03092722061034012,0.0036144578313253013,0.006827309236947792,0.001612244800040226,3.811235353250353
0.929028260850558,0.2044673016183485,0.001606425702811245,0.009437751004016065,0.010285266130146934,56.54326522803393
0.22662898333122694,0.053029471998355934,0.002208835341365462,0.009437751004016065,0.002718127335873383,7.329618301232799
0.335902894607941,0.08186323394305393,0.001606425702811245,0.009839357429718877,0.00414126852135187,10.302586407276316
0.7775592090629752,0.1686129469183183,0.001606425702811245,0.009437751004016065,0.008497649658034146,37.248906594337825
0.8725279044466363,0.23169333476076315,0.0018072289156626509,0.01104417670682731,0.011637482047302623,46.14570099805422
0.7143801429921299,0.17107065941893385,0.001606425702811245,0.010240963855421687,0.008598011581316485,30.355671901253
0.8879294047958327,0.2226939322716859,0.0018072289156626509,0.01104417670682731,0.011197780473073298,49.81181137564656
0.8484929787036763,0.11126849898655013,0.0012048192771084338,0.005220883534136547,0.005705422200630509,86.7693448635046
0.9661130421190102,0.23986053300805874,0.001606425702811245,0.010843373493975903,0.01204304922123152,46.27709274143651
0.3366167462053235,0.07563744570785777,0.002208835341365462,0.00783132530120482,0.003823830989627658,10.739248651195087
0.9235117586217186,0.15297326463454608,0.0012048192771084338,0.007228915662650602,0.007758228444408188,66.08122178457195
1.1744733259524507,0.2115820587301609,0.0014056224899598394,0.007429718875502009,0.010675239687997563,92.025027030044
1.1195022773666765,0.27797976038198896,0.001606425702811245,0.010240963855421687,0.013961037349702152,73.54012887410047
0.4518723681194833,0.09449039737590535,0.001606425702811245,0.00823293172690763,0.004767554776680971,16.573836422775656
0.6495454261252269,0.13675996490747866,0.001606425702811245,0.008032128514056226,0.00691194373793378,29.217391697260954
0.707072411290623,0.16345194377502342,0.0018072289156626509,0.00963855421686747,0.008234624855166862,31.957807646839964
0.8958636702388856,0.19905117916569945,0.001606425702811245,0.008433734939759036,0.01001100827563813,49.532066849184844
1.153506535515566,0.25392033205301,0.0014056224899598394,0.009236947791164659,0.012770064008835395,83.2502361718638
1.2428298590990738,0.2672310920599828,0.001606425702811245,0.009036144578313253,0.013442805237502792,99.59301001889206
0.657724219957019,0.130064772230197,0.001606425702811245,0.008835341365461848,0.006597416454245506,38.79696711969998
0.9164261591284667,0.17915719493598573,0.001606425702811245,0.00823293172690763,0.009051939269816532,60.48742217045545
1.2298654354928447,0.30490635051256904,0.001606425702811245,0.010441767068273093,0.015312534943843072,83.29094913002264
0.3806805220612167,0.09837032292788733,0.0018072289156626509,0.0106425702811245,0.0049712460831722195,14.967377540191473
0.034597013952870626,0.0022756227349411324,0.002811244979919679,0.0004016064257028112,0.0003060548067873371,0.6973748709881988
0.9496142310699626,0.19301843343448075,0.0012048192771084338,0.008433734939759036,0.009717758499988025,55.02261527563738
0.7235846819621531,0.1190846653427743,0.0014056224899598394,0.0068273092369477905,0.006050571938458312,46.37925627240583
1.125218490136612,0.252298663091945,0.0014056224899598394,0.009839357429718877,0.012681968080291092,67.6457589083105
0.4421602660435041,0.10499310691882012,0.0018072289156626509,0.010441767068273093,0.005292947216475143,17.055988576415803
1.1790561903187773,0.2943268278976667,0.0018072289156626509,0.010240963855421687,0.014777728741457618,90.88310631672817
0.9072341842684535,0.20696547361583242,0.0014056224899598394,0.009839357429718875,0.010433825499981468,44.24241346611988
0.5472074647316113,0.1430975617436702,0.001606425702811245,0.010040160642570281,0.0072079601589739774,23.468430370824322
0.8550338510565274,0.16604599469266504,0.001606425702811245,0.00823293172690763,0.008380944435775575,59.9331579519936
1.1497105397783338,0.27812584344167485,0.001606425702811245,0.010240963855421687,0.01397370394283652,81.15442791558972
0.6510835251087641,0.13988987169745662,0.0014056224899598394,0.008433734939759036,0.007057536467622463,27.776164542442817
0.9882401545904028,0.20173746138472073,0.0014056224899598394,0.00823293172690763,0.010176715577466213,64.44958988477944
0.729672987123819,0.1992603133545886,0.001606425702811245,0.012048192771084338,0.010010649330541263,32.174479449256644
0.4226086250255955,0.09450184771118152,0.0020080321285140565,0.008835341365461848,0.004796064844578531,18.17326481511351
0.7738833223243546,0.15010453534568266,0.0012048192771084338,0.008433734939759036,0.0075827950247391055,38.12150771191476
1.2563276082368149,0.3010847682676432,0.0014056224899598394,0.010040160642570281,0.015117666583365377,83.30261857318916
0.7041090987945311,0.13721986079856102,0.001606425702811245,0.008433734939759036,0.0069238799037766655,39.16255395172157
0.30116796693218245,0.06534233273815393,0.0014056224899598394,0.009036144578313254,0.003323794823807162,10.275755655546382
1.0459368795014483,0.21216644601622126,0.001606425702811245,0.008433734939759036,0.010698997188376943,79.82665555988909
0.7719598391884206,0.1847459712807689,0.001606425702811245,0.009839357429718875,0.009280833741798063,37.509910222107266
0.9956745911511584,0.21894689234484926,0.0014056224899598394,0.009839357429718877,0.011005527654435607,51.638637414869834
0.845897570038225,0.13135575488481413,0.0014056224899598394,0.0068273092369477905,0.006696104577575317,66.1465960006098
0.2579977855405268,0.05016911125907803,0.001606425702811245,0.007028112449799197,0.0025809573414520455,8.84178672660142
0.9365900685333902,0.18773935879266596,0.001606425702811245,0.008433734939759036,0.009464540666320794,60.23666290988472
0.5539846652072444,0.0965930833195905,0.0014056224899598394,0.007429718875502009,0.004911236881362815,32.36693694945072
1.257904010461963,0.3349840844071856,0.0018072289156626509,0.011646586345381526,0.016815558605934297,95.02702306106505
1.0124028763226924,0.16398185820475356,0.0014056224899598394,0.006827309236947791,0.00833114033209455,99.5332517091419
0.7190672372012646,0.1457724631024996,0.0014056224899598394,0.008433734939759036,0.0073604410489765985,34.057807260031026
0.5637918216681717,0.11159298684251623,0.0014056224899598394,0.00783132530120482,0.005653095112160681,27.9892682070499
1.384934159409789,0.31729512939116716,0.0012048192771084338,0.00963855421686747,0.01593389970496511,91.74074464255472
1.0831881011066284,0.2958308800502063,0.0014056224899598394,0.011847389558232932,0.014853196644631549,56.86364900938988
1.135575356563585,0.21975036572946904,0.001606425702811245,0.008634538152610442,0.011098916630622048,95.52997749364252
0.19347861342632408,0.0407018654244525,0.0014056224899598394,0.009036144578313253,0.002113411145725667,5.802333218349953
0.9875814867799023,0.20404416759022997,0.001606425702811245,0.00823293172690763,0.01026687198253556,66.82354598279893
0.7143344133767897,0.14205864660441628,0.0014056224899598394,0.008433734939759036,0.007188728204454499,35.44335900924204
1.0562082512861262,0.21394532503638425,0.0014056224899598394,0.00823293172690763,0.010793257738946693,77.36506085922137
0.32798322735360935,0.07683788210871197,0.0020080321285140565,0.009236947791164659,0.003902164283784005,12.109337499193739
1.084602868920933,0.30065994270030677,0.0018072289156626509,0.01104417670682731,0.015091392196893674,60.82852085660827
1.2534099271368597,0.34776304461015856,0.0018072289156626509,0.011847389558232932,0.017458946806593736,87.41395305071592
0.725350683081916,0.11177569593223755,0.0012048192771084338,0.006224899598393575,0.0057070674107920945,56.16808142425164
1.1374980789049325,0.3150532342416309,0.0018072289156626509,0.011244979919678716,0.015814420817783136,65.20096801787444
0.09889222947540188,0.015782408411215802,0.0014056224899598394,0.005622489959839358,0.0009201068420162371,2.347740255637376
0.8562573023282772,0.2251993853953441,0.0018072289156626509,0.010441767068273093,0.011306168038712334,44.454256030929116
0.457699924303446,0.10270537507914967,0.0018072289156626509,0.008835341365461848,0.005201904932527369,18.399873043316607
0.8197119779354853,0.1288933843178081,0.0014056224899598394,0.006425702811244979,0.006581376033885102,81.89453777471279
1.077526613326398,0.32698468170150885,0.0020080321285140565,0.01244979919678715,0.01641159745581392,59.66107888533052
0.9289039925400432,0.20480472462398522,0.0014056224899598394,0.009236947791164659,0.01031922693965928,49.61369355462174
0.5381989339484248,0.11289371956240289,0.001606425702811245,0.009036144578313253,0.005712411171178691,23.132131074722462
1.1464395066759177,0.24161329616940766,0.0014056224899598394,0.009236947791164659,0.012155538481688932,86.83257409373944
0.990253198847434,0.1794750294828469,0.0014056224899598394,0.0070281124497991974,0.009056137683949294,68.98584250812134
0.9067169141243725,0.22611223916259454,0.0018072289156626509,0.010441767068273093,0.01135906480009113,52.29159386215725
0.7317363856623836,0.13917414883981186,0.0014056224899598394,0.00783132530120482,0.0070412028364926936,36.389170623225716
0.9569894281715456,0.20558269201941817,0.001606425702811245,0.008835341365461847,0.010362113272184994,71.93252745464595
0.8216168635069867,0.19085649076356484,0.001606425702811245,0.009437751004016065,0.009597530895387911,43.96552372976621
0.4635758450399007,0.09941077030870872,0.0014056224899598394,0.00823293172690763,0.0050264948577989355,16.744496988175108
0.3110862789287903,0.043278591427241796,0.0012048192771084338,0.00642570281124498,0.0023013029370499596,11.941258657779386
0.734735620650782,0.14017156367462635,0.0014056224899598394,0.007630522088353414,0.007105713302671545,44.31815555836277
0.1619029492065766,0.029722710604960408,0.0018072289156626509,0.00783132530120482,0.0015845342738352193,4.719906510983385
0.3445597500525906,0.06824099511897802,0.0012048192771084338,0.007630522088353414,0.003495159537350548,12.352030281924343
0.8955610147230033,0.24306205866884148,0.0020080321285140565,0.011646586345381526,0.012206407524783469,46.40757973790072
0.9478416460472628,0.2038592973750765,0.001606425702811245,0.009036144578313253,0.010277246969478055,56.97511180363238
1.0431006047303006,0.20042153447951494,0.001606425702811245,0.007429718875502009,0.01008636921852193,86.41609600717763
1.2029146675042302,0.25021107863177755,0.0012048192771084338,0.009236947791164659,0.012584499619940225,82.61851969879717
0.9411524132165798,0.19470984475765532,0.0014056224899598394,0.008634538152610442,0.009816290817674624,47.82057223322408
0.1985781564314115,0.025761240466577778,0.0018072289156626509,0.004016064257028112,0.0014242125996194385,6.984618208930183
0.2966503672010687,0.064760391372978,0.001606425702811245,0.00783132530120482,0.0033145077552920225,9.469352148855425
1.0459574819273956,0.2077613302765988,0.0012048192771084338,0.008433734939759036,0.010459013293884056,58.1127507219993
0.9836482195175427,0.14084976235601207,0.0012048192771084338,0.005823293172690764,0.007158827637621419,91.97418809655287
1.2270253727752767,0.27843389185592077,0.0014056224899598394,0.009839357429718875,0.01398721719888085,91.66457441081988
0.812676731594967,0.15925457861453182,0.0014056224899598394,0.008433734939759036,0.008047517554179628,42.91084244695333
0.6450846186906496,0.1300115987672743,0.001606425702811245,0.007831325301204818,0.00657168676663495,33.66271856653048
1.1638983507790734,0.34192640509528394,0.001606425702811245,0.012248995983935744,0.017163323551548582,62.66763815608739
1.0023285309362573,0.1916672585933864,0.0014056224899598394,0.00783132530120482,0.009699658120832559,92.23098921480577
0.30209745277208283,0.07382657740118179,0.0020080321285140565,0.008634538152610442,0.0037430390322777023,10.095363918429435
0.7367819142014875,0.1320436959535773,0.0012048192771084338,0.007630522088353414,0.006705891325816987,41.18967978235779
0.07843726556172828,0.013216011851858828,0.0030120481927710845,0.004216867469879518,0.0007905079497456173,2.1430555318622924
0.45117235543330136,0.108664519404029,0.002208835341365462,0.010040160642570281,0.005483133790633785,15.835162593556717
0.26004593201180354,0.05895669949570635,0.0016064257028112453,0.009236947791164659,0.003003725493191864,8.607946120590205
1.0732028918436454,0.2136877145043976,0.0018072289156626509,0.008433734939759036,0.01075692435245305,90.50294916866093
1.181889978136136,0.2646972279904355,0.001606425702811245,0.009437751004016063,0.013310571902204199,94.57296579273672
0.9561168898034287,0.1897673497214121,0.0018072289156626509,0.00823293172690763,0.009562467112368588,64.3894968985958
0.6390801712669126,0.13675054707901033,0.001606425702811245,0.00823293172690763,0.0069133425540788525,27.81376655386717
0.5628251560186605,0.10721343937383844,0.0018072289156626509,0.00783132530120482,0.005475753445480841,31.21934040067591
0.798808756089119,0.1374632213158679,0.0014056224899598394,0.007228915662650602,0.006990205266595408,51.17532421173193
0.5128203864796282,0.13140265061196957,0.0020080321285140565,0.0106425702811245,0.006612573035113128,17.124808258226686
1.2814497762070407,0.32221690329795033,0.0018072289156626509,0.011044176706827311,0.016178427368697512,99.52722833182592
0.7770706897697407,0.16776780007562395,0.0014056224899598394,0.009437751004016065,0.008459102534118431,35.59786329752019
1.2817078025684765,0.3399345016855749,0.001606425702811245,0.011244979919678716,0.017065569084862835,85.4310889909712
0.20131614284605642,0.03394069580110952,0.001606425702811245,0.006224899598393574,0.001809312365290665,7.519071210942652
0.20623846549093816,0.03562605209047488,0.0026104417670682733,0.006626506024096387,0.0018775197787110984,6.647524627349899
1.2502351961909952,0.3080315586394951,0.0018072289156626509,0.010040160642570283,0.015466513445599465,99.83653176567977
0.9214414478086409,0.19523750354211783,0.0014056224899598394,0.009036144578313254,0.00981564139761992,48.15935201168722
0.04905973117444023,0.007051285837838804,0.002208835341365462,0.0002008032128514056,0.00048082518400666775,1.007456434495757
1.0494201006962907,0.17152573547513253,0.0012048192771084338,0.007028112449799196,0.008658322181447195,80.7153114031856
0.6692287990617568,0.16601271218263497,0.0018072289156626509,0.010240963855421687,0.008349001328894459,35.18617313451629
1.1150279767646907,0.2926390110250965,0.001606425702811245,0.011244979919678716,0.014691262494003397,61.63112244870895
0.9274898027866946,0.2127271338831296,0.0018072289156626509,0.009839357429718875,0.010701013056481731,58.319249766249726
0.1542010639202383,0.021463124239775144,0.0008032128514056226,0.005823293172690763,0.0012018470048340978,6.325316222956445
1.174427856213694,0.24724737400241872,0.0014056224899598394,0.008433734939759036,0.012422082453410284,82.16199998320837
1.1722606032030864,0.24628339090917664,0.0012048192771084338,0.009036144578313254,0.012384583148000663,64.13230904473357
0.2849613370109507,0.058856266096911865,0.0014056224899598394,0.00823293172690763,0.0030090117577642123,10.151299982485629
1.0546082824097338,0.23910166494373486,0.001606425702811245,0.00963855421686747,0.01202257249278478,65.46986603676834
0.3578824611682031,0.06996811311111235,0.001606425702811245,0.007630522088353414,0.0035904036022347003,15.17565660974942
0.6583763141229516,0.15557625079990897,0.001606425702811245,0.010040160642570281,0.007836994018680654,27.253605350925337
1.1026256028755987,0.26118853001272974,0.0014056224899598394,0.009839357429718875,0.013124313656878562,66.28844405405913
1.101451482693237,0.24002528045044252,0.001606425702811245,0.008835341365461847,0.012071113548962124,79.40961927994556
0.2291897852758678,0.030084215690279213,0.001606425702811245,0.004417670682730924,0.0016227421236352678,9.388710631487617
1.2480380719380295,0.3050660873372665,0.0014056224899598394,0.0106425702811245,0.015326918779063533,77.12974966307519
0.9348480564928788,0.18136173163087296,0.001606425702811245,0.008032128514056224,0.009162518351877124,69.94243521676036
0.8739633325428756,0.17624407751017515,0.0012048192771084338,0.008634538152610442,0.008892281636891443,40.28759950476308
0.8890304958299581,0.20191910716296887,0.0014056224899598394,0.009236947791164659,0.010154217358716381,43.84977994665664
0.5620639042620905,0.1227768428607499,0.001606425702811245,0.009638554216867469,0.006186229384055055,22.289573501998404
0.24570621195801257,0.06803824034276626,0.0034136546184738957,0.010441767068273093,0.0034371398996905335,7.915293459152329
1.2202343051585824,0.2551490507352764,0.0014056224899598394,0.008835341365461848,0.012828954213289162,82.33986217658814
0.7907045544515301,0.1083684647151628,0.0012048192771084338,0.005421686746987952,0.005530776824794236,68.06308094247075
0.466243336730259,0.10440097489736803,0.0014056224899598394,0.009036144578313253,0.005274137365352071,18.69764080801206
1.2517531985743948,0.28939698838538114,0.001606425702811245,0.009839357429718875,0.014538271511555201,93.21885662697443
1.005679022471416,0.20794004939863286,0.0014056224899598394,0.00783132530120482,0.010465444812153044,67.66388495534395
1.1007019135504639,0.23618066510509614,0.0014056224899598394,0.009036144578313253,0.011883379793019969,73.41883864728428
1.0675599319134639,0.25201658774013497,0.001606425702811245,0.010040160642570281,0.012663432917357558,72.90559796901618
1.3866082249033023,0.40336668936957737,0.001606425702811245,0.013052208835341366,0.02024995861522843,97.1256827178411
1.120457493633502,0.24930877108350477,0.001606425702811245,0.009036144578313254,0.01254248498783018,88.58058021267264
1.284728419047016,0.3098658595592366,0.0014056224899598394,0.009839357429718877,0.015555339136309772,93.60760248538176
0.4592150609460598,0.0844075028842665,0.0012048192771084338,0.008433734939759036,0.00431899612694567,20.200967004150915
0.9111536877116764,0.24496915672036723,0.0018072289156626509,0.011646586345381526,0.012298292289632041,45.78381774195469
0.7299881159757474,0.13432027724511286,0.0014056224899598394,0.00783132530120482,0.0068162872174623,33.575435941108246
0.2888142122921923,0.06352880091251675,0.001606425702811245,0.00783132530120482,0.0032505373026645,9.866017637169676
0.27373364288016533,0.07995911146225797,0.001606425702811245,0.00963855421686747,0.004029684064457436,8.020251931172828
1.0241376992992992,0.25561436257203024,0.0018072289156626509,0.010240963855421687,0.012842615420098126,66.5300264924871
1.0216319267438434,0.2365431813936202,0.0014056224899598394,0.010040160642570281,0.011889006463561133,53.535669394620186
1.2175398169027265,0.29391849365312955,0.001606425702811245,0.010040160642570283,0.014765910819567301,94.02331599166136
1.0948018145648213,0.21708019180332114,0.0014056224899598394,0.008835341365461848,0.010935250061339665,85.18900585753165
1.2226318582251405,0.3304472221349064,0.0018072289156626509,0.01104417670682731,0.01658693308508085,96.67952424025204
0.04078375843309467,0.00434857442399662,0.0002008032128514056,0.001606425702811245,0.0003681517001696063,0.6950403944533168
0.9011308952219802,0.1760029169021165,0.001606425702811245,0.008634538152610442,0.008890936425706349,68.38417230273775
1.258602086503343,0.32845250323521474,0.001606425702811245,0.011044176706827311,0.016488463073866318,91.57986699634682
1.2231800381646143,0.371492005057425,0.0020080321285140565,0.012449799196787147,0.018644545221464314,74.99314519990605
1.036006085642653,0.2388512061717327,0.001606425702811245,0.009839357429718875,0.012011886562211119,72.55479075019376
1.0743443202482832,0.21538041548657777,0.0014056224899598394,0.008433734939759036,0.010855329339000512,72.0195336083675
0.1611102886601811,0.041880993485959854,0.0026104417670682733,0.007630522088353414,0.0021467476876757654,4.143653682318615
0.8972493302712042,0.2137075408896212,0.0018072289156626509,0.010240963855421687,0.010751713906566124,49.299551953310846
0.8665312081226464,0.1601312814079537,0.0012048192771084338,0.00783132530120482,0.008102374581671394,49.53912368982789
0.9203062306152835,0.21680372296004136,0.0018072289156626509,0.00963855421686747,0.01090247752809913,57.83260297341204
0.5838006742832945,0.13926635024860798,0.0014056224899598394,0.009638554216867469,0.00700569051162196,21.354878359891003
0.18937040819002698,0.046884602040172994,0.002208835341365462,0.00963855421686747,0.002396549148983863,5.772800240810383
0.4612298617337013,0.12082399974063429,0.0020080321285140565,0.011847389558232932,0.006079203742631434,16.994899271528773
1.1248629210660186,0.2632466531377799,0.0018072289156626509,0.009638554216867469,0.013225372496468057,77.75281359642064
1.1609928519706791,0.23285524092035959,0.0014056224899598394,0.00823293172690763,0.01172302786962037,92.50747066812754
0.5066321638844684,0.11175904929666533,0.001606425702811245,0.00923694779116466,0.005657957643439149,20.14516883034939
1.129869395741683,0.2688472975257707,0.0014056224899598394,0.010040160642570281,0.013506247913784162,64.93887864030214
1.086612307289682,0.2438540052552961,0.0014056224899598394,0.010040160642570281,0.012264182921285631,62.09909042037647
1.264345748577405,0.30478201797556503,0.0012048192771084338,0.009839357429718877,0.01530392945561354,76.94087688799517
1.2295276912742739,0.2262453592744671,0.0012048192771084338,0.007831325301204818,0.011396794753094823,97.12922247070131
1.0520274001871355,0.21759655161611388,0.001606425702811245,0.008433734939759036,0.010967065658433476,75.42172913996863
0.8448860533258745,0.24848585435189896,0.0020080321285140565,0.012650602409638556,0.012470235791836341,39.92590176758084
0.4668433075075632,0.06558595778148277,0.0012048192771084338,0.006024096385542169,0.0034039599630613405,24.18522614487414
0.6011166615983112,0.12878187746433914,0.001606425702811245,0.008835341365461848,0.006509416218996603,29.54225977567122
1.0073561984656094,0.192698081014054,0.0014056224899598394,0.00783132530120482,0.009722656404485356,70.38435958047668
0.9973344512496015,0.2638595571842921,0.0018072289156626509,0.010240963855421687,0.013258128058295295,58.00221803474004
0.1458669402375208,0.027693455950466222,0.0026104417670682733,0.007630522088353414,0.001484332381131462,4.213647986999424
0.8173783433040877,0.1657434137793323,0.001606425702811245,0.008634538152610442,0.00837417765751896,45.888435183843804
1.2917517369466043,0.312600682282105,0.0014056224899598394,0.010240963855421687,0.01570033121714922,99.92560415766488
1.1605301523625853,0.2609292438783918,0.001606425702811245,0.009839357429718875,0.01311032224720592,80.0939750377758
1.2335440873957326,0.36345400901010155,0.0018072289156626509,0.012248995983935744,0.01824252120720735,74.44431263557273
0.6733062356265566,0.1416197567517097,0.001606425702811245,0.008835341365461848,0.00714871597626348,31.237016650128723
0.3580869427956893,0.07906040098231104,0.0018072289156626509,0.009839357429718875,0.004017204940490171,11.79820304542073
0.4609374786334072,0.09677323397590781,0.001606425702811245,0.007630522088353414,0.0048919526078387,16.364966505730294
1.224273652420328,0.26463525716199127,0.0014056224899598394,0.009036144578313253,0.013296583587613061,93.40871465191466
0.8414708336322348,0.16684344422333805,0.001606425702811245,0.00783132530120482,0.00842532560576309,59.45526438649355
0.19339497099408293,0.03210498440968723,0.0014056224899598394,0.006425702811244981,0.00171505928806227,8.374268347600589
1.3508365927385548,0.35845437705776756,0.0014056224899598394,0.011445783132530122,0.01799470771148308,93.86682401806581
0.11155731921993076,0.01679186775788792,0.0024096385542168677,0.003614457831325301,0.0009554112965825243,3.7760562906617556
1.2425601196103866,0.25632535041569277,0.0012048192771084338,0.008835341365461848,0.012893110895596655,94.48799373483688
1.0320500343088175,0.2545796104634195,0.0018072289156626509,0.010240963855421687,0.012785441407279052,64.69817836393436
0.11936669124796781,0.02506190826371023,0.0020080321285140565,0.00823293172690763,0.001342817554808705,2.8386050407401275
1.1716880197097468,0.2969893487190361,0.0018072289156626509,0.010843373493975905,0.014913343917176159,84.76134814706845
0.9469405783659236,0.22687117119749894,0.001606425702811245,0.010240963855421687,0.011416361544749455,58.022870801529
0.4507225185853262,0.09525242060013799,0.0012048192771084338,0.00823293172690763,0.004824180860525294,17.12812379408867
1.0567003681736395,0.22457150551931887,0.0014056224899598394,0.008433734939759036,0.011310188493921737,75.35566100760835
1.0891006119230522,0.27494772106324594,0.001606425702811245,0.010240963855421687,0.013805360047521253,71.67843536911055
0.4187326059100571,0.0874222723036633,0.001606425702811245,0.008433734939759036,0.004440565751927138,16.653505688757498
1.1547949156626587,0.27619975451247436,0.001606425702811245,0.010240963855421687,0.01387451708397453,80.44076045943001
0.799477999629928,0.1996654454883763,0.0018072289156626509,0.01104417670682731,0.01003303279571676,42.29045614900579
0.8699251375249258,0.224634062505048,0.0014056224899598394,0.011646586345381528,0.011278883469103078,38.291056298499896
0.756179949404648,0.16204973716940074,0.0014056224899598394,0.009036144578313253,0.008178634790441775,37.62541432191426
0.6584274894538251,0.09926741686278659,0.0014056224899598394,0.006224899598393575,0.005081006427403231,41.175438975661095
1.0587140826827683,0.22165606440210645,0.0014056224899598394,0.009236947791164659,0.011161879339699239,75.1948479711672
1.0475364403281733,0.23120055133292733,0.001606425702811245,0.009036144578313254,0.011625116244682574,67.68329340301392
1.0568531395780671,0.21141762252833587,0.0012048192771084338,0.008634538152610442,0.01064052072373164,59.637495583313815
0.8941170978941939,0.2150781696886775,0.001606425702811245,0.0106425702811245,0.010818682200551375,46.49255374223302
1.204706012672745,0.3250704824417572,0.001606425702811245,0.012048192771084338,0.016321131529224514,72.43753214510839
0.049071587523980206,0.00044388069529544623,0.0024096385542168655,0.00020080321285140604,0.00023816566571625538,0.42276381752505143
0.697598303239713,0.1283038122117286,0.0014056224899598394,0.007630522088353414,0.006514585200904432,39.889596028152816
0.1123009741823594,0.01859539930215407,0.0018072289156626509,0.004618473895582329,0.001060429820947186,4.079447796125635
0.2566082513765316,0.05226061974444003,0.001606425702811245,0.006024096385542169,0.0026879780126894716,9.286432915909714
0.11215721449880425,0.025238206818942645,0.001606425702811245,0.005823293172690763,0.0013562386000049993,2.9536930626346436
0.37224318845788595,0.08073690650521209,0.0012048192771084338,0.007630522088353414,0.0040949929060725265,12.924848663088163
0.668354810978055,0.15089983840627777,0.0014056224899598394,0.009236947791164659,0.007611024200183925,30.790882921416184
1.0616906944088826,0.17935715666929822,0.0012048192771084338,0.006425702811244979,0.009062416305124204,95.72018582765467
0.7818815441331458,0.18333180654037753,0.0018072289156626509,0.010240963855421687,0.009220086398551697,43.956974962605855
0.7038945948046452,0.2135126155236684,0.0020080321285140565,0.013052208835341365,0.010721951145596393,28.956686815661513
0.2405384699750869,0.030086703185131125,0.0010040160642570282,0.004417670682730924,0.0016597376286014104,9.676908593134536
0.8478032497065944,0.11849129878178642,0.0010040160642570282,0.005421686746987953,0.00604467665136652,52.906619767910854
0.9142888381556691,0.21623165735502153,0.0018072289156626509,0.009839357429718877,0.010874052855928592,52.34501646873257
0.7825864147842304,0.16195728028465617,0.0014056224899598394,0.008032128514056224,0.008174249676420945,33.29864451850374
0.7040918263058394,0.1496195549258337,0.001606425702811245,0.008835341365461848,0.007562178189301879,35.436386241401294
1.2804984567737818,0.3421248217710929,0.001606425702811245,0.011445783132530122,0.01717320487200277,90.2970507774856
0.9583942820731564,0.18488950275236293,0.0014056224899598394,0.008032128514056224,0.009321158245767984,55.99316930290152
0.2277671208540454,0.04758350067689233,0.0014056224899598394,0.00823293172690763,0.002460186717602932,6.872598393907181
0.4016017533758561,0.07961156592316367,0.0014056224899598394,0.007429718875502008,0.004081634287834001,16.60575192428273
1.1741407901747367,0.2678554796427964,0.001606425702811245,0.009839357429718875,0.013450769623696473,81.96192954694037
0.7427271946179828,0.1814400461092432,0.0018072289156626509,0.010441767068273093,0.009124015310489605,32.793050097541695
0.9483065656632385,0.17378347510480277,0.0014056224899598394,0.00783132530120482,0.00876994893269276,64.82100923438722
0.9765984081423866,0.20934466323623183,0.0014056224899598394,0.009236947791164659,0.01054012732629181,56.29742122683381
1.211816526365933,0.316852615452236,0.0014056224899598394,0.0106425702811245,0.015905205789721478,70.70027151463997
0.8591490933836359,0.18710584582193374,0.001606425702811245,0.008835341365461848,0.009433971060091759,47.20335496781294
0.6959502080869576,0.09366182577917657,0.0010040160642570282,0.005421686746987952,0.00480818100565806,46.06028137673351
0.6181637292000756,0.15081499108499388,0.001606425702811245,0.010040160642570281,0.0075831388017608276,23.74913305289056
0.5111177400801525,0.09442858909860483,0.0012048192771084338,0.0070281124497991974,0.004813176420563313,18.69929899073287
1.119667602166704,0.282490559119028,0.001606425702811245,0.01104417670682731,0.014185471030528298,63.25735563844144
0.2921897040695403,0.051877650577583194,0.001606425702811245,0.007630522088353414,0.0026736550838845235,10.91430404678736
0.8613936616353124,0.17337307203247498,0.001606425702811245,0.008032128514056226,0.008756848573076592,56.857108598409845
1.0174493008184449,0.24540744230088518,0.001606425702811245,0.009839357429718877,0.012334542737436149,63.845655678070166
0.894416921982304,0.1457346537094983,0.0012048192771084338,0.006425702811244979,0.007397262441477759,52.71031220054782
0.7752123412343287,0.1531508706397556,0.001606425702811245,0.008032128514056224,0.00773882497555627,47.64328817020685
0.10405242380226765,0.014887959966227778,0.0024096385542168677,0.0034136546184738957,0.0009395917891066652,2.845097027962795
0.7698664025340984,0.18386119538255555,0.001606425702811245,0.009839357429718877,0.00924884157333868,34.02611702811653
0.7360964129626713,0.1676837535325291,0.001606425702811245,0.009437751004016063,0.008429920425216512,37.27984609478467
0.3858460182583673,0.09120157918058068,0.002208835341365462,0.008835341365461848,0.0046256890291236814,14.543133220192338
0.7997037048125413,0.15050790796666402,0.0014056224899598394,0.00783132530120482,0.00761041546145376,48.15122847897968
0.6975480122306782,0.09823866719416245,0.0012048192771084338,0.006024096385542169,0.005057214520707723,47.208821922021386
0.8029214193397245,0.22264083281856434,0.001606425702811245,0.011847389558232932,0.011180390192402315,32.836462104977194
0.9280706857797212,0.17216152377308075,0.0014056224899598394,0.008032128514056224,0.008703928313710838,57.39850244390626
0.03923169152562859,0.004537289165208925,0.008634538152610442,0.00020080321285140604,0.0003818232216924723,0.3378187256335319
0.943946780716078,0.20601606882539514,0.0014056224899598394,0.008634538152610442,0.01036484873430961,55.14905258961392
0.8785558328994749,0.17059012429013212,0.0014056224899598394,0.00783132530120482,0.008599683091665315,51.87259858336872
0.7274006085960829,0.15117004882535978,0.0014056224899598394,0.008835341365461848,0.007617525114671528,33.72232568507062
0.7288879438850642,0.1260402280209473,0.0014056224899598394,0.006425702811244979,0.006395865154100624,45.027152981375465
1.2065856980742706,0.2946552506997648,0.0018072289156626509,0.009839357429718877,0.014797272847777272,90.8953425945675
0.42281005418296347,0.10305239519325263,0.0018072289156626509,0.009839357429718875,0.005204222697822479,14.159985111625362
1.138682904353997,0.2634185116541255,0.0014056224899598394,0.010040160642570281,0.013228437607613256,71.19843212821051
0.9796290769230058,0.16736633321898636,0.0014056224899598394,0.006425702811244979,0.00844676298049447,85.94995798706525
0.6635980725818299,0.13728774069306382,0.0018072289156626509,0.008232931726907632,0.006931949456912432,33.22588219996666
1.1777571921299088,0.2318615880321638,0.001606425702811245,0.00823293172690763,0.011674087548294165,98.06414189095347
0.8859800277507676,0.2015843333813296,0.0014056224899598394,0.009839357429718875,0.010133189440527511,47.06133799788864
1.156870528857145,0.2791167014227946,0.0018072289156626509,0.010040160642570283,0.014029651871388289,91.30215238401983
0.07130670925520252,0.013454633041030745,0.006024096385542169,0.0026104417670682724,0.0007789875330065745,1.4574283184128678
0.07794562763077276,0.015793315000226547,0.0038152610441767073,0.0030120481927710845,0.0009272843561845282,2.644639183679054
0.8805312407509746,0.21242567297716894,0.001606425702811245,0.009839357429718875,0.010680325697780364,43.55457458919542
1.1256851785296484,0.23828913106734942,0.001606425702811245,0.008835341365461848,0.011991121138793368,95.14802617427455
0.09462440225822089,0.019843042948695672,0.0026104417670682733,0.00461847389558233,0.0010833513078369484,2.6235980571072792
0.8344796553276921,0.19024013074372534,0.0014056224899598394,0.010040160642570281,0.009581578249380385,40.63058804622811
0.3179863219718547,0.05281714332536687,0.001606425702811245,0.007028112449799196,0.002752965351270398,13.890454560380105
0.6887675966811955,0.10876128725443078,0.0012048192771084338,0.00642570281124498,0.0055388911805710084,48.70498757723774
0.790531330974025,0.20694627236257165,0.0018072289156626509,0.01104417670682731,0.010394689549927285,35.887430573206025
0.8393279285791657,0.14293564921203342,0.0010040160642570282,0.007028112449799196,0.00723987980750171,41.541510271927194
0.7559172760255122,0.12477015354646628,0.0012048192771084338,0.0068273092369477905,0.006343147008910525,41.501408730732216
0.5181787218546366,0.1329980338791365,0.0020080321285140565,0.010240963855421687,0.006701679975491061,19.43877951140808
1.258338396656659,0.30919985068046396,0.001606425702811245,0.010240963855421687,0.015532382960152918,90.44554668590014
1.0774152102552679,0.2659851061564032,0.0018072289156626509,0.010441767068273093,0.013361336101317543,73.08783045272513
0.5355835741104459,0.12598945517006066,0.002208835341365462,0.00923694779116466,0.006344934387861111,23.171408836631425
0.909115595449311,0.1974708937604099,0.0014056224899598394,0.009638554216867469,0.009947639721456921,49.65712388756525
0.9547548222850003,0.2106187046468626,0.0014056224899598394,0.009036144578313253,0.010597070227427693,54.43903060505575
0.8746203568749443,0.16257230464090922,0.001606425702811245,0.007429718875502008,0.008217735092150943,58.51681931704348
0.7292687903965781,0.16613549987496476,0.001606425702811245,0.00923694779116466,0.008381520738744909,33.83901941631826
1.0802871832744347,0.2585696451381618,0.0020080321285140565,0.010240963855421687,0.012999094670496496,87.77374537463682
1.1991631925804889,0.26602011044153206,0.001606425702811245,0.009437751004016065,0.013376964009873092,93.02671551666897
0.036816005185878985,0.004710814158203937,0.002811244979919679,0.0006024096385542168,0.0003588884281436099,0.1403286180502339
0.8563279254766402,0.20731507426618362,0.001606425702811245,0.010240963855421687,0.01041984060977731,40.68436612726107
0.7662564740864257,0.19046637906264846,0.0018072289156626509,0.010240963855421687,0.009571081322269259,37.771479788263996
0.21504876751350965,0.045184802273785636,0.002208835341365462,0.008634538152610442,0.0023493447582746945,7.746713059216859
0.0685712805900715,0.012431184204417313,0.001606425702811245,0.00461847389558233,0.0007129228242746978,1.4951417842418824
0.07521511123786953,0.01302582377606084,0.00321285140562249,0.0032128514056224897,0.0007582200867596205,1.7782846413285092
1.2799074379234263,0.2551196452435251,0.0012048192771084338,0.008634538152610442,0.012837101910774485,93.91641320849111
1.0274335226083986,0.18694488118199296,0.0014056224899598394,0.007630522088353414,0.009454322759873153,75.16865688500486
0.7637351549968723,0.15481699593065937,0.0018072289156626509,0.00823293172690763,0.0078305249903497,44.37602697715997
1.063335905389888,0.22522791394213224,0.001606425702811245,0.009036144578313253,0.011341906273113218,68.93908440394677
1.0620791407842851,0.23736142406994626,0.0012048192771084338,0.009437751004016065,0.011935904539364347,57.469283330768896
0.4942772351929591,0.1215873956489507,0.001606425702811245,0.009638554216867469,0.006125323348814125,20.082274752480277
0.8206048285390594,0.21656303385955183,0.0018072289156626509,0.011044176706827311,0.010876779688479766,37.715310736027355
0.8358902843103375,0.2164694861277048,0.001606425702811245,0.010843373493975905,0.010873875633836433,41.664263956679505
0.8684486166918214,0.24594025362765606,0.001606425702811245,0.012248995983935744,0.012351003582160357,38.546562501787974
0.8880663657373208,0.1894885953109146,0.0014056224899598394,0.008835341365461848,0.009558632765059468,46.921998049265625
0.034915190605012955,0.0005534934055356194,0.016265060240963854,0.00020080321285140604,0.0002445781150742744,0.35612965352860293
0.31318980047190936,0.05632181500796943,0.001606425702811245,0.006827309236947792,0.0029206762289848893,10.810465543417047
0.347191240928995,0.07434938092558485,0.0014056224899598394,0.007831325301204818,0.0038014784335914315,12.040326919350786
0.12851600886436124,0.01968549093575903,0.0012048192771084338,0.005220883534136547,0.0011015826358426184,3.885050970679438
1.212066024255663,0.3307087400994833,0.0018072289156626509,0.011646586345381526,0.01659772582160328,78.64753665946593
0.34876475146161734,0.06529531839932538,0.0014056224899598394,0.006827309236947791,0.0033486061722420098,13.357326093660038
0.5049452239329955,0.09828176502417148,0.001606425702811245,0.007429718875502008,0.004987669807017305,21.849226764836594
0.29492924377912577,0.06138054693582988,0.001606425702811245,0.009437751004016065,0.0031370386262296766,9.25870871148673
1.1475052426905,0.3345239351145931,0.001606425702811245,0.01244979919678715,0.016791135625881724,61.87780337111395
1.0384262477006985,0.24541718988515193,0.0014056224899598394,0.010040160642570281,0.01233829404728777,52.0035819202416
0.6954220443546105,0.1830986301440415,0.001606425702811245,0.011244979919678716,0.009194641705965902,26.638929647568055
1.1607802662295503,0.25642799648179115,0.001606425702811245,0.00963855421686747,0.012883174574391467,84.32602165181032
0.9602870162455077,0.19432844230505578,0.001606425702811245,0.00823293172690763,0.009830416917247125,74.91890641786347
1.25468462598944,0.35193137770393884,0.001606425702811245,0.012449799196787148,0.017663670093224434,77.56474684949592
1.110418679105381,0.2633745370870961,0.0014056224899598394,0.010040160642570281,0.013229110725799497,63.562774355609044
0.30967743720244595,0.08850162214169174,0.0020080321285140565,0.010240963855421687,0.004473079950656156,9.369264286677348
1.1345322894439505,0.23231725548941176,0.001606425702811245,0.008634538152610442,0.011713073846107503,98.6639476145284
0.6759980121585007,0.11648295161427845,0.0014056224899598394,0.007429718875502009,0.005904567627417695,33.757074670531196
0.7007207985026906,0.1646404722837833,0.001606425702811245,0.009638554216867469,0.008289349837207628,30.90549988768949
0.8826504328974042,0.15997393440276106,0.0012048192771084338,0.007630522088353415,0.008118593153867811,52.01842404281756
1.0245566503747856,0.24188205256006545,0.001606425702811245,0.00963855421686747,0.012150686579771945,64.73297944492191
0.49732184288160175,0.07724058170549994,0.001606425702811245,0.005823293172690763,0.003979957773783888,25.975451196428057
0.21087337034579146,0.04330359182377126,0.0014056224899598394,0.00783132530120482,0.002255332041299304,6.573902160706313
1.3421857657124625,0.34635780104038294,0.0014056224899598394,0.011445783132530122,0.0173932848564045,98.38858445843286
1.2021451133748913,0.34499583516991206,0.001606425702811245,0.012248995983935742,0.017316243263312783,62.06074392301386
0.9380073464278511,0.19168095537020366,0.0014056224899598394,0.00823293172690763,0.009659338004120919,55.22772032844768
0.03229719289034111,0.003524221086984203,0.0036144578313253017,0.0006024096385542164,0.00031132653804046706,0.5928980441555542
1.0406586062826526,0.2557566529463365,0.001606425702811245,0.010441767068273093,0.012845425997855712,63.08980505152056
1.177803597892991,0.27435832069389243,0.001606425702811245,0.010040160642570281,0.013789912475727258,73.10974867571957
1.2858248881357544,0.3376510459584041,0.001606425702811245,0.011044176706827311,0.016946812154598843,85.70950104121845
0.9343295445918173,0.17009504420431285,0.0014056224899598394,0.007228915662650602,0.008584111055036071,74.399099007871
1.1391463612860484,0.2410229212114034,0.0014056224899598394,0.008835341365461848,0.012123417721355298,90.74837835294905
1.1509604932099076,0.2468084180688594,0.0012048192771084338,0.009638554216867469,0.012415865456422932,67.8056990328932
1.1235291320080856,0.22376249968271592,0.0012048192771084338,0.00823293172690763,0.011286166775904317,67.43555052468734
1.390343278925491,0.2944821824722862,0.0012048192771084338,0.009236947791164659,0.014786433114314197,93.91996978339337
0.9915473651270138,0.23054744569702593,0.001606425702811245,0.009437751004016065,0.011582682247188433,55.422937883818804
0.5950258707398245,0.14463577516440954,0.001606425702811245,0.00923694779116466,0.007290585597452947,23.628551082254624
0.5393285839353265,0.09907470963457952,0.0018072289156626509,0.007630522088353414,0.005030730826892825,25.52809496501648
0.6790677934337083,0.15835362850514142,0.0014056224899598394,0.010040160642570281,0.00797576852741191,29.632045936552608
0.2483142450546052,0.04307585514577311,0.002208835341365462,0.006626506024096385,0.002281338079007896,9.190251522628323
0.8673160428393962,0.18560821619018572,0.0014056224899598394,0.008634538152610442,0.009352980238082037,47.30386885486008
0.8880677483692487,0.21674842853016874,0.0018072289156626509,0.010843373493975903,0.010888468252174108,43.89517113841636
0.05034224602911544,0.007905737511331428,0.0024096385542168677,0.002008032128514056,0.0005100551331905963,0.6811475859381688
0.32303799093741836,0.08600860625411755,0.0020080321285140565,0.010040160642570281,0.0043337325310276046,9.478127083554922
0.9701442975772645,0.1929010630364369,0.0012048192771084338,0.008433734939759036,0.009713687517593621,53.320462614722196
1.3188632721443556,0.39683379508668964,0.001606425702811245,0.01325301204819277,0.019916948211696494,76.51771181334598
0.09327726616812383,0.018625973898685436,0.0018072289156626507,0.0032128514056224905,0.0010145764158578628,2.420929781324721
0.8233792910196173,0.17511845156495479,0.001606425702811245,0.009036144578313253,0.00881511402267082,42.96200332064496
1.008553531684431,0.17243814199924268,0.0014056224899598394,0.0072289156626506035,0.008716954558862145,88.21544384427138
0.4671895588680091,0.09569554624999754,0.001606425702811245,0.007429718875502008,0.0048726394808045045,17.630604780373194
1.0091774426019597,0.24702453657291368,0.0018072289156626509,0.009638554216867469,0.012410268046910337,61.58093114812638
0.49439424543703014,0.11578041634118388,0.001606425702811245,0.010240963855421687,0.005846034831069614,20.61186256291738
0.5940250112602117,0.10865557186458732,0.0014056224899598394,0.006827309236947791,0.005512822878296296,27.56828398701773
0.731799921047097,0.1968279482333003,0.0020080321285140565,0.011244979919678716,0.009890245944920847,32.70454249512558
1.054647650796696,0.2336464618537258,0.0014056224899598394,0.009437751004016065,0.011748293923935248,52.08514650684067
0.9973084516830664,0.1920735575508222,0.0012048192771084338,0.00783132530120482,0.009677756154512811,53.15232625767009
0.7357748798552322,0.16909163751787754,0.0014056224899598394,0.009437751004016065,0.00850845600571996,32.92753077849915
1.1430678404475536,0.2125845013001258,0.0014056224899598394,0.007429718875502008,0.010716485808175722,99.87166897052361
1.0478234623145544,0.1950016836144872,0.0014056224899598394,0.007630522088353414,0.0098291517011566,93.40142375201926
0.8182253092409912,0.12357456539745865,0.0010040160642570282,0.006626506024096385,0.006273061939899353,59.243793065098416
0.8035667113876584,0.1714240002838127,0.001606425702811245,0.008232931726907632,0.008642210609584039,42.238687364352835
0.3153965906679741,0.058776657768095035,0.001606425702811245,0.008433734939759036,0.0030272280527341854,11.978713670624263
0.38369953982166866,0.08606747427481214,0.001606425702811245,0.00963855421686747,0.004364308991217724,14.153218163227843
0.5554893785992672,0.12971682948503743,0.001606425702811245,0.009437751004016065,0.00654162729870996,24.27384099771819
0.9398020925220283,0.23767704674648507,0.0018072289156626509,0.0106425702811245,0.011938476241554958,50.06844574493261
0.7135498401571282,0.15468370080362528,0.0014056224899598394,0.008433734939759036,0.007795213972069125,37.289477431417325
1.217407289422828,0.25214957519561354,0.0014056224899598394,0.008433734939759036,0.012674129052729338,89.18234889645842
1.1098115618455884,0.2963688825993391,0.0018072289156626509,0.011244979919678716,0.014878321903502016,68.62377325822028
0.4525706018511771,0.0892231064248439,0.001606425702811245,0.008232931726907632,0.004553343552990417,21.493022077833533
0.9123025840358058,0.19583930330701055,0.001606425702811245,0.009036144578313253,0.009854077821436073,53.3099823523412
0.8381872027557761,0.11965056218221469,0.0010040160642570282,0.006224899598393573,0.006111367750055966,59.02920140401893
0.7709382049940539,0.16237357954830414,0.001606425702811245,0.009437751004016065,0.008189982139550243,35.47347860835546
0.8940706089263023,0.2210799889135931,0.0018072289156626509,0.00963855421686747,0.011105593718602954,45.10894254622204
0.9649919627955311,0.21403347250047897,0.001606425702811245,0.008835341365461848,0.010766722188567866,63.55521998032225
1.072457554827374,0.2001597587420545,0.0012048192771084338,0.007831325301204818,0.010080777633933617,78.53452199773298
0.9030111719831533,0.20018141687635194,0.0012048192771084338,0.009638554216867469,0.010069058579409871,40.78896417743502
0.8484391009976758,0.20465893263030044,0.0018072289156626509,0.010240963855421687,0.010289425422485843,47.532270180343396
0.9970461065279944,0.18444434536511772,0.0014056224899598394,0.007630522088353415,0.009315812816617496,77.17893838047935
0.7930285762463183,0.10359478171782988,0.0012048192771084338,0.005421686746987953,0.005297682055321915,63.99537410375731
1.229289942446249,0.30636960235547894,0.001606425702811245,0.0106425702811245,0.015385180946887428,90.80173732380071
1.2331776026800179,0.3245094089624408,0.0018072289156626509,0.011044176706827311,0.016292622335463677,88.4693764545904
1.0232095803852632,0.1778001827992337,0.0014056224899598394,0.006827309236947791,0.009019010271353803,85.10453649224361
1.0381433803280875,0.2611102246209729,0.0018072289156626509,0.0106425702811245,0.013117602267501794,61.13458976415872
0.8159179319292509,0.1514485067269643,0.0014056224899598394,0.007429718875502008,0.007664040338765833,55.982362642778895
1.3156033426295872,0.3082346113037425,0.0014056224899598394,0.00963855421686747,0.015476842152618688,99.81040355252841
0.6790501418880127,0.15630314615930335,0.0018072289156626509,0.009437751004016065,0.007876390025662369,29.20449362536316
0.38720864105656144,0.07507629133143458,0.0018072289156626509,0.008032128514056224,0.00383129021206709,15.265755468073971
0.795365972871862,0.1919888585767374,0.001606425702811245,0.010441767068273093,0.009662908539833249,34.478543670757055
0.852509855446308,0.19726848476365436,0.001606425702811245,0.009437751004016065,0.009934858373718467,48.95731839001005
1.2764346197389522,0.3022339021073226,0.0014056224899598394,0.009839357429718875,0.01517930087635827,81.32863806950542
1.1023985712432944,0.2506996759581243,0.001606425702811245,0.009638554216867469,0.012593263510637576,78.21558618462504
0.23334704311015747,0.05071274565234539,0.0014056224899598394,0.009036144578313253,0.0026009722247237843,7.110146604973666
1.3007236826610558,0.399561277152963,0.001606425702811245,0.013855421686746987,0.020058932715101827,73.63397690455137
0.325653201996821,0.07045943137231128,0.0014056224899598394,0.008433734939759036,0.0035991449236788815,10.765530186035232
0.08338842304113914,0.010484956206459945,0.002811244979919679,0.0018072289156626504,0.0006403654624067825,1.3646583046707517
1.056267846959076,0.22892186559659178,0.001606425702811245,0.009036144578313253,0.011501583421031702,83.36185922941038
0.7605605556219871,0.16801188164433006,0.0014056224899598394,0.009036144578313253,0.00846605993969341,33.39645535807891
0.8165452911115954,0.10536161121660625,0.0010040160642570282,0.005220883534136547,0.005385170657757556,87.62741141025307
0.5553433286190141,0.10986001046806707,0.001606425702811245,0.00823293172690763,0.005560018454571086,22.84267404914465
0.6917172722327697,0.18240914918527054,0.0020080321285140565,0.010843373493975905,0.00916656701026774,30.645184738368236
1.115466670825449,0.20347865196216997,0.0014056224899598394,0.007429718875502008,0.010254152387324082,88.2040521201601
1.129937140398634,0.2346719826868146,0.0014056224899598394,0.008634538152610442,0.011805345579999198,89.36058861819544
1.237422739213005,0.30228855366255036,0.001606425702811245,0.009839357429718877,0.015182847957116682,93.33000051088501
1.0571350825756454,0.19864525908160363,0.001606425702811245,0.008032128514056226,0.010026772778327754,96.76872401132411
1.241612749056491,0.34251669507367644,0.001606425702811245,0.011847389558232932,0.017192161682450552,81.51854581084265
1.0252446203955545,0.19678715694485358,0.0012048192771084338,0.00783132530120482,0.00992088919020016,73.7561474070072
0.8866830751063044,0.20239152238187344,0.001606425702811245,0.009839357429718875,0.010174630864719248,45.45950201595266
0.23043901787580912,0.05080353445147901,0.0018072289156626509,0.008032128514056224,0.002619198311870312,7.672194820568645
0.9614801756683996,0.19614370799293931,0.001606425702811245,0.008433734939759036,0.009889310493323146,67.65500287966339
1.1728793547153247,0.2842440769155803,0.001606425702811245,0.010441767068273093,0.014276109620683864,67.09447353224958
0.77949276915021,0.18925495879737825,0.001606425702811245,0.009839357429718877,0.009506546503823288,31.97741291839118
0.15400405132280526,0.029723251433755944,0.0012048192771084338,0.0070281124497991974,0.0016087410701859952,4.699571412529091
0.6175408073146984,0.1205231398966854,0.0014056224899598394,0.008032128514056226,0.006108916216646789,30.387824087909387
0.7297133038658228,0.1390834268876538,0.0014056224899598394,0.00823293172690763,0.007034563687064301,36.73460138755905
1.1104891054041608,0.2539907719612472,0.0014056224899598394,0.009839357429718875,0.012765494210639605,67.77328331669865
0.04149667132970287,0.0010977886939023903,0.0018072289156626491,0.00020080321285140604,0.00026919894106278706,0.01633471750938087
0.9449401036779755,0.17586010915223474,0.0014056224899598394,0.008032128514056226,0.008889445047163321,61.61769053248598
1.2456340842121119,0.31845717525231165,0.001606425702811245,0.010441767068273093,0.01598840911509838,85.95163667027252
0.9475038124866368,0.2040455431674153,0.001606425702811245,0.008634538152610442,0.010282689113933808,59.43333694506408
0.37867072868033264,0.07974178869325518,0.0014056224899598394,0.008433734939759036,0.004055190843551849,13.190814693051166
1.2058582795163517,0.29399982385074913,0.0014056224899598394,0.0106425702811245,0.01476800149925331,74.9499167984829
0.4623954946648273,0.09171808788763419,0.0014056224899598394,0.008634538152610442,0.004659470866737398,20.012420841328925
1.0633950633097002,0.2399510496857229,0.0018072289156626509,0.009036144578313253,0.01207146570274706,98.48665242707433
1.0359202439846846,0.25640413926490446,0.001606425702811245,0.010240963855421687,0.012883767407885974,60.33698345831466
1.2816704800859422,0.3268909667951996,0.001606425702811245,0.011244979919678716,0.01640731613747388,96.0258405432152
0.6796920994637421,0.14535223224570756,0.0014056224899598394,0.008634538152610442,0.007323217478670091,29.146786192421914
1.0211693538219284,0.20291796746738788,0.001606425702811245,0.00823293172690763,0.010238855830440732,98.86715770020201
0.7323065708831745,0.18298461800051677,0.001606425702811245,0.010441767068273093,0.009206256240163312,37.43399506662782
0.8227140324803733,0.18945468074560406,0.0020080321285140565,0.00963855421686747,0.009544947850788518,45.964332509004976
1.1403291058559666,0.21107698230528096,0.0012048192771084338,0.007630522088353414,0.010641395238619275,75.03064878804501
0.3142957144896762,0.07129681859612139,0.0024096385542168677,0.009236947791164659,0.003627526762721433,12.654187328890721
1.0293733922116135,0.2082615393346402,0.0012048192771084338,0.00823293172690763,0.01048452711320587,64.8799036154877
0.12398973133801408,0.026816566318390748,0.0020080321285140565,0.008634538152610442,0.0014305944977722007,2.9186500062300724
1.2021299016095521,0.262920287825426,0.0012048192771084338,0.009839357429718875,0.013229572867186061,84.02107765591312
0.9379310422412082,0.15224126922749642,0.001606425702811245,0.006425702811244979,0.007758740526188393,83.2771444604331
0.8638964346467415,0.15136961998254778,0.0012048192771084338,0.007429718875502009,0.007661584570256231,49.496019652468135
1.0674727542701792,0.22006655157696772,0.001606425702811245,0.008433734939759036,0.011071433957629788,77.79842708156356
0.5746634418372949,0.12687775709893145,0.001606425702811245,0.008835341365461848,0.006404551191268718,26.003149512000135
0.48622731082049564,0.09560837762215378,0.0012048192771084338,0.007429718875502008,0.004843981197374315,18.127849447787657
1.0400520157881326,0.2140782379048839,0.0014056224899598394,0.008835341365461848,0.010780227824780232,77.35921621935896
0.9207074716552732,0.18637265475603995,0.0014056224899598394,0.008433734939759036,0.009396861651115442,55.48490319619026
0.5025758588550646,0.061185970857092924,0.0010040160642570282,0.0048192771084337345,0.0031925384107432723,31.095839264008738
1.0043700935806086,0.25940881206648225,0.0018072289156626509,0.01104417670682731,0.013028172682110806,55.212113267832194
1.1492958046350374,0.24948529799140526,0.001606425702811245,0.009236947791164659,0.012543068942258455,88.99858733411959
1.2619409752725241,0.273067060956476,0.0012048192771084338,0.009437751004016063,0.013728113581899825,87.08492725260365
0.6925926784706813,0.159974540774429,0.0014056224899598394,0.008835341365461848,0.008049688781749583,31.222045023821533
1.2520318117517653,0.296534546630561,0.001606425702811245,0.00963855421686747,0.014896965729558904,91.67508344399027
0.7353750129885981,0.17567780058388757,0.0014056224899598394,0.010441767068273093,0.008836718354486134,31.65640563820624
0.8613620751172842,0.18072372730829805,0.0014056224899598394,0.008032128514056224,0.009097944511547515,44.243098102916974
1.1133360015931495,0.24068878718906142,0.0014056224899598394,0.009638554216867469,0.012102725619029227,76.83957300039052
0.8654208013980575,0.17905691274784227,0.0010040160642570282,0.009437751004016065,0.009012476204634969,36.899341957550924
1.0176402502198947,0.2836891976470336,0.001606425702811245,0.012048192771084338,0.014244759072343039,54.695673325391226
0.833265776139323,0.11673010352751478,0.0012048192771084338,0.005622489959839358,0.0059535128057400626,71.43017138937884
0.9831031684260245,0.21771703097971157,0.001606425702811245,0.009236947791164659,0.010950407164992598,74.58995505553096
0.8534738118694218,0.2544533949370599,0.001606425702811245,0.012248995983935744,0.012776427401333475,39.99117473208964
0.8199020493874608,0.11028096680527978,0.0010040160642570282,0.005823293172690764,0.005629724790241055,56.85074199449377
0.24882400694287837,0.04488890360454015,0.001606425702811245,0.006827309236947791,0.002319138014130018,11.241264007051821
1.0224570919372402,0.29038805560813935,0.0020080321285140565,0.01104417670682731,0.014577449105379727,60.60432600504242
0.5517561175981485,0.11031885500728372,0.0020080321285140565,0.00783132530120482,0.005588227275954383,25.46459278600539
0.83371506705117,0.12656818706935932,0.0014056224899598394,0.006224899598393574,0.006455730309246633,63.22211959502181
0.6889771469638032,0.17934162956279096,0.0018072289156626509,0.011646586345381526,0.009012805103332031,28.69817246088404
1.094024274283887,0.25720942275874714,0.001606425702811245,0.010040160642570281,0.012925709921254618,67.24924016481492
0.08054004062566464,0.012208993992449516,0.0024096385542168677,0.0050200803212851405,0.0007281329205553786,1.766262208244218
1.0653925718094968,0.2386542855266418,0.0014056224899598394,0.009638554216867469,0.01199779181770821,60.63514557127541
1.0610839184276568,0.23769042415065622,0.0018072289156626509,0.008433734939759036,0.011946214369709445,85.13087219595981
0.51333420394542,0.10774030472693746,0.0020080321285140565,0.00823293172690763,0.005448005593438058,25.920081381554795
0.8510448055389243,0.17433345055273455,0.0014056224899598394,0.008433734939759036,0.008787778809135696,48.16173573434962
0.06355073015103857,0.007074554605542216,0.0048192771084337345,0.0006024096385542172,0.0004952029634567343,1.009648539815755
0.9439958051599552,0.19604923717070907,0.0014056224899598394,0.008835341365461848,0.009866046110066353,52.52721204556495
0.3068940783343162,0.07292057603272448,0.001606425702811245,0.008433734939759036,0.0036980243498085604,9.223776682670259
1.174591188657987,0.23768229640827648,0.0014056224899598394,0.008835341365461848,0.011960492238490142,93.89287025976621
0.4724385964697446,0.09473235278948144,0.0018072289156626509,0.007630522088353414,0.004798751201610276,20.259965724387662
1.0722280315412303,0.21372089186321108,0.0014056224899598394,0.008433734939759036,0.01076968604399571,82.86691461239135
0.8904728307213878,0.18637482734394556,0.0014056224899598394,0.009036144578313254,0.009372729631385378,50.61086592927811
1.2458559957639495,0.35392930733665706,0.0014056224899598394,0.012449799196787148,0.01776942810952125,64.14157900946773
0.7752755820539349,0.15548044292469457,0.001606425702811245,0.008433734939759036,0.007863651443929238,45.22886212745851
0.7833837915817536,0.1719762297775017,0.0014056224899598394,0.008634538152610442,0.008664335190605131,39.34974906882843
0.6779678311812009,0.14838041413594424,0.0020080321285140565,0.009839357429718875,0.0074960530095930485,31.984387622089717
1.0953724529531017,0.27625552586227037,0.0014056224899598394,0.0106425702811245,0.01386891209708848,57.308895538437014
0.27741007757379355,0.06709633777803012,0.002208835341365462,0.010240963855421687,0.0034054353069660702,9.743789736417764
1.1845833548565634,0.31468009293074123,0.0018072289156626509,0.01104417670682731,0.015805217867489584,78.7139252870281
1.0946068731102985,0.2947351326146466,0.0018072289156626509,0.01144578313253012,0.01479815446935899,58.079156460024805
0.8014861081677048,0.15255077962927457,0.0014056224899598394,0.00783132530120482,0.007717858999112466,48.0021021388254
1.1023133005810213,0.2721140461015873,0.001606425702811245,0.010642570281124497,0.013667979000335341,61.767460774421565
0.9748302815562911,0.18501737426681514,0.001606425702811245,0.008032128514056226,0.009331455569304026,85.34715787190079
1.0074840924807595,0.21845771953476512,0.001606425702811245,0.008835341365461848,0.010993956708771381,62.489895757176114
0.639949086519441,0.14558307612559948,0.001606425702811245,0.009638554216867469,0.007333190455646055,28.40636264852383
0.5705769190353336,0.10616985199334834,0.0012048192771084338,0.008032128514056224,0.005385929160148404,26.224714333526634
1.0242703864831197,0.22720666928450362,0.001606425702811245,0.009036144578313253,0.011435471588063038,74.29684352393923
1.1277980986630174,0.29758175343130144,0.001606425702811245,0.010843373493975905,0.014940815985582608,67.08548244472117
0.892122306455098,0.16460333971694963,0.0014056224899598394,0.007429718875502008,0.00832202192955528,59.13599675017211
0.9100043567782424,0.15207651982375348,0.0014056224899598394,0.006827309236947791,0.007741511394749629,66.44482936740566
1.400363638449212,0.26461702472008375,0.0010040160642570282,0.00823293172690763,0.013327158197191429,92.70251624602484
0.8924394428708732,0.15307573125976975,0.0014056224899598394,0.0072289156626506035,0.007742126453082923,64.98056395804383
0.7272082545378892,0.20655125114003897,0.0020080321285140565,0.011847389558232932,0.010377654272443452,33.74147192122512
0.27032824237278774,0.05173374009688371,0.0024096385542168677,0.007630522088353415,0.002669304918723021,9.770607707750589
1.1033966158359159,0.24778113304934662,0.001606425702811245,0.00923694779116466,0.012461358416331284,81.88843502637147
1.1516620976585512,0.24860599102362854,0.0014056224899598394,0.008634538152610442,0.012493002285176746,78.13519418017265
0.8401921514558708,0.2065884451954752,0.001606425702811245,0.0106425702811245,0.010380564707283439,38.43199487933443
0.9656135187409113,0.16850244730486375,0.0014056224899598394,0.0070281124497991974,0.00851067224711821,85.23933010688029
0.17133415435886945,0.02682481033677589,0.002208835341365462,0.0050200803212851405,0.0014498968134231557,4.838944095923847
0.8793489000441379,0.18716349356902964,0.0018072289156626509,0.008634538152610442,0.0094362476024756,71.18082872828258
1.0008007954833007,0.22679925367980705,0.0018072289156626509,0.009839357429718877,0.011410678978486662,80.91052777026984
1.1928152812879642,0.32116381821384254,0.0018072289156626509,0.01144578313253012,0.016127374301899988,92.70280558876816
0.9273711565499432,0.19559861213230037,0.001606425702811245,0.008835341365461847,0.009857953636097205,57.693523656214154
0.5549026073166604,0.12057363521513381,0.001606425702811245,0.008835341365461847,0.0060928808705357175,26.986058167433313
0.5528068664051194,0.13663772841800434,0.0018072289156626509,0.010441767068273093,0.006879857204445737,19.97609180568356
0.14797561524290928,0.027223271679294576,0.002208835341365462,0.007630522088353415,0.0014711479048012443,5.338681999598083
0.9891940306920197,0.22431121427030887,0.001606425702811245,0.009437751004016063,0.011276146518005247,63.37673668672914
0.8727469144079236,0.19688377577979627,0.001606425702811245,0.009839357429718875,0.009927808854167521,50.04716216979694
0.4899055991650106,0.11605377765372223,0.0020080321285140565,0.009839357429718877,0.005877970212684884,20.577356818854852
0.7826312832295802,0.1716276801771384,0.001606425702811245,0.008835341365461848,0.00865059966372608,42.39132058236061
0.48411866487021576,0.09294057766675776,0.001606425702811245,0.008433734939759036,0.004751554202354245,23.208154800892245
1.0991801669665644,0.24979436979304578,0.001606425702811245,0.009437751004016065,0.01256214013322947,80.08413697830225
1.1333880726618124,0.2863221489186453,0.001606425702811245,0.011244979919678716,0.01437796273407497,72.87335178452557
0.307365374828631,0.05672421831155,0.0014056224899598394,0.006224899598393575,0.002937250692829391,11.048722028228198
0.5515508960987108,0.12262929117533909,0.001606425702811245,0.008835341365461848,0.006201379800895032,27.016471988959832
1.2606647994169657,0.3269207496551394,0.0018072289156626509,0.011044176706827311,0.016411528707765216,84.72414402636927
0.04617456660328985,0.005103847448480062,0.004618473895582329,0.00020080321285140604,0.0004229912285555482,1.0466525949408778
0.6531243686367008,0.1401740224504127,0.001606425702811245,0.00823293172690763,0.007074281400265891,33.24026795134506
0.7236694733845522,0.12649337937070118,0.0014056224899598394,0.007630522088353414,0.006420937599459773,38.44135309685917
0.28489275173319534,0.040433736819410905,0.0012048192771084338,0.005823293172690763,0.0021484527574120523,14.374007322413751
0.27876348070854035,0.05693972314274003,0.002811244979919679,0.008032128514056224,0.0029319081970862826,9.438879149125901
0.793076649382025,0.19128392983545867,0.001606425702811245,0.010240963855421687,0.009618920799548654,34.77950305844204
0.5473564144223729,0.13618039489116268,0.001606425702811245,0.009437751004016065,0.006863574948884243,19.076840055692212
0.6228060645170458,0.1040246837333927,0.0014056224899598394,0.0072289156626506035,0.005315873505234304,31.66283228624337
0.8820608740361074,0.2510344510770289,0.0018072289156626509,0.012248995983935744,0.012601811394534597,41.37480071348536
0.20376163658973073,0.03925994264767228,0.001606425702811245,0.005823293172690763,0.002088042531297672,6.905605966123285
0.49773307199303546,0.13448542314338088,0.0018072289156626509,0.011847389558232932,0.006757880450860625,17.32276898797839
0.373261486756283,0.0484156076594985,0.0012048192771084338,0.005421686746987953,0.002560873857854991,18.062348981711274
1.01205542067638,0.19813733591395602,0.0014056224899598394,0.008032128514056224,0.009986680826616754,81.0160420795633
0.38240575238584457,0.06734599381768325,0.0014056224899598394,0.006626506024096385,0.003455397000724005,14.3984391564286
0.7739961576688115,0.20015644454254444,0.0018072289156626509,0.01104417670682731,0.010064653565473657,39.82226985220433
1.2273774128478807,0.2826062546291256,0.0014056224899598394,0.00963855421686747,0.014201787298869645,78.17015081086477
0.88869037852449,0.2479334288799186,0.0020080321285140565,0.01144578313253012,0.012455008648196906,47.1541844101608
0.7430877370695401,0.1680225892183488,0.0018072289156626509,0.009236947791164659,0.008471157100283575,36.349498427110504
0.05265456031597102,0.009150883809892279,0.0030120481927710845,0.0006024096385542168,0.0005772286534119126,1.1274161220819923
1.0056565472414039,0.20519878909101374,0.0014056224899598394,0.008835341365461848,0.010332288976737982,74.59827819308855
0.5024451371911696,0.11339520905355417,0.0014056224899598394,0.009437751004016063,0.00574763777153246,18.112985678525696
0.990916406712074,0.2845941672416728,0.0020080321285140565,0.01144578313253012,0.014290599265181204,56.08095430758247
0.3457618069607536,0.07517501504533267,0.0018072289156626509,0.008835341365461848,0.003846723776280629,12.835175048110703
0.1754660879131757,0.03589098108864539,0.0024096385542168677,0.00783132530120482,0.0018710148811618623,5.258707666997919
0.4930990179032664,0.09186210607195185,0.001606425702811245,0.007028112449799197,0.004669380509377162,21.61346631123191
1.0535641263461826,0.19164489633762719,0.0012048192771084338,0.007630522088353414,0.009677171262731361,65.66829678982126
0.21696388984049558,0.029936046349341976,0.0012048192771084338,0.005421686746987953,0.0016219212367589856,9.090934209703816
0.9895292080760043,0.2050373506498511,0.0012048192771084338,0.008433734939759036,0.01032087235124354,53.44044019914978
0.33752029085295104,0.06851622098986901,0.0012048192771084338,0.007630522088353415,0.003505635535987922,14.027861106535955
0.982944354531875,0.22259829336326317,0.001606425702811245,0.009437751004016065,0.011194451817320124,61.516975433885804
0.8750934540904907,0.199102458204761,0.001606425702811245,0.00963855421686747,0.010015391433082903,47.2481070010096
0.605948909450626,0.12196286112629486,0.0014056224899598394,0.007831325301204818,0.006155920993269062,24.78166527979042
0.06036390562080566,0.011079787511871782,0.0010040160642570282,0.00642570281124498,0.0006601727231289761,1.0583184358494147
1.0463105801058885,0.24586436276787701,0.001606425702811245,0.009236947791164659,0.012354332179582981,60.072566848760424
0.35953000857242345,0.06895726616816429,0.0010040160642570282,0.00783132530120482,0.0035544345016280607,14.090527904029571
1.0506680070906445,0.29848295847167094,0.001606425702811245,0.011847389558232932,0.014988109975960437,50.94076053107235
0.27230687456070907,0.052092554340169024,0.0012048192771084338,0.0072289156626506035,0.002680553952444498,9.214914919280904
0.17421488965558088,0.03780325337734928,0.0010040160642570282,0.007028112449799197,0.0019533349812687405,5.132189010464838
0.9300056210219017,0.21360153917498662,0.0014056224899598394,0.010040160642570281,0.010735723211847781,46.778114705231744
0.2842700721361767,0.0625880072751031,0.001606425702811245,0.009036144578313254,0.0031945037363564893,7.768076765927001
0.9934295419375041,0.20551643096013428,0.0014056224899598394,0.008433734939759036,0.010360853820482355,58.893275065713254
0.2607015593128099,0.04980277177156479,0.0012048192771084338,0.007228915662650602,0.002570443362608676,9.110492863006513
0.1530722758884093,0.026926030946668147,0.002208835341365462,0.0070281124497991974,0.0014769238072508799,5.670459582034548
0.05261463056556793,0.010622187166999655,0.0032128514056224897,0.0012048192771084336,0.0006303485469563849,1.1646435119361254
1.140926810152925,0.24659909482878745,0.001606425702811245,0.008634538152610442,0.012393103677142489,98.23491974144206
0.5241150301156718,0.12819278667929443,0.001606425702811245,0.009437751004016065,0.006455467320851399,17.495592737259493
0.9348486389167817,0.18280834555534145,0.001606425702811245,0.008032128514056224,0.009240031124235484,69.48080348760024
1.1585749598314377,0.22106356445546774,0.0014056224899598394,0.007630522088353414,0.011130298336134726,90.76697279090841
0.22663482427349096,0.04279731041525397,0.001606425702811245,0.006224899598393574,0.002225491433284667,8.056515460433644
1.1726046752910126,0.3154028449833198,0.0018072289156626509,0.012048192771084338,0.015835253025126245,77.29109139999285
0.8198930669836579,0.16205058012797963,0.001606425702811245,0.007630522088353415,0.008175948084150066,46.98913349209327
1.1215512712057598,0.23918872885835937,0.0014056224899598394,0.009036144578313253,0.012028359269083815,81.63951450988772
0.04073790377019013,0.00560071075915615,0.001606425702811245,0.001606425702811245,0.0004187750403490322,1.0760283000893267
0.5972476120519379,0.12659906022275258,0.0018072289156626509,0.008634538152610442,0.0063954076241954875,28.483211641561546
1.1132949060081014,0.2255155093900694,0.0014056224899598394,0.00823293172690763,0.011361017295901976,92.33979274945551
0.25403936370908897,0.05029448372665394,0.00321285140562249,0.006626506024096385,0.002563515138776308,7.444321931301346
0.8509419147831985,0.13069358437956696,0.0010040160642570282,0.006224899598393575,0.006661801101976752,57.38995435537269
0.744377619324437,0.18278868675016688,0.0018072289156626509,0.009437751004016065,0.009205693045774588,34.75801717450088
1.1796841824252722,0.32139120059208476,0.001606425702811245,0.011847389558232932,0.016134439850175278,72.27479325527337
0.5010646094297853,0.0957965086900178,0.001606425702811245,0.007630522088353414,0.004847404525245553,19.8504543781006
1.012712978920923,0.25339367937968615,0.001606425702811245,0.010441767068273093,0.012735337078272837,59.665380044188346
0.9126144571539333,0.2168996494911634,0.0014056224899598394,0.010040160642570281,0.010913198561448291,45.417107497557716
0.992199298828081,0.20504968406859048,0.0014056224899598394,0.008032128514056224,0.010318571509946589,58.11099341262664
0.5947769071996549,0.10174052665889725,0.0012048192771084338,0.006425702811244979,0.005177614558978584,26.920745164849393
0.14895003691315983,0.028734638745195593,0.0020080321285140565,0.008232931726907632,0.0015295811355177818,4.360677048589235
1.0350491034682938,0.18774041597295008,0.0012048192771084338,0.007429718875502009,0.009486054474244736,65.86694805918299
0.4731805934659882,0.09449735905041462,0.0018072289156626509,0.008032128514056224,0.004800037028479369,18.851955264631027
0.6122534021865177,0.1361685729974271,0.001606425702811245,0.009437751004016065,0.006870935880075881,26.357277015568158
0.7526870863223761,0.17464690838403774,0.001606425702811245,0.009839357429718875,0.008786593178490084,36.681897215828116
0.9718602347657845,0.19340821794957147,0.0014056224899598394,0.008433734939759036,0.00973786735240675,62.80961675238031
1.1348407718238476,0.2031077363816899,0.0014056224899598394,0.0074297188755020095,0.0102585702342302,98.30844668093938
0.17969280986349156,0.025067515682475557,0.002208835341365462,0.005220883534136547,0.0013821783651757106,5.993660301052806
0.890249649330869,0.1876215640249407,0.0012048192771084338,0.00823293172690763,0.009450968587006134,38.76195187592894
0.8299990901760885,0.1691506680067771,0.001606425702811245,0.008835341365461848,0.008523523260472895,47.804733964939594
0.4445015208973471,0.07250080136134576,0.001606425702811245,0.006626506024096385,0.003710544116093557,19.378701807243846
1.0086585345026882,0.20787095618930582,0.0014056224899598394,0.008835341365461848,0.010465007363867471,64.73294533133954
0.9765703049993331,0.22134279203183652,0.001606425702811245,0.009236947791164659,0.011122703224758545,67.32774510306103
1.168386248824366,0.20614922594602314,0.0012048192771084338,0.007429718875502008,0.010405470751817759,77.76378857382649
0.9399610208407548,0.23402063042601,0.001606425702811245,0.0106425702811245,0.01175386299303364,44.07208277509361
1.0191311564066412,0.20375740856467633,0.0014056224899598394,0.008433734939759036,0.01026067222593978,70.5041085477439
1.1178426688964223,0.2744136993675572,0.001606425702811245,0.010040160642570281,0.013794119110768874,68.22895860504332
1.1769842385166538,0.32821840324158397,0.001606425702811245,0.012650602409638554,0.016477074383086678,71.27018133930461
1.2661657387897725,0.3081497049039991,0.001606425702811245,0.010240963855421687,0.015469716338949436,96.22282253581488
1.1163810858849859,0.271823909404223,0.0018072289156626509,0.010240963855421687,0.013658512452866279,78.67223889541712
0.44024564902626345,0.08938736856099476,0.0014056224899598394,0.008835341365461848,0.0045527723424004934,16.002544704957867
1.2546579629945338,0.27490325090969675,0.0014056224899598394,0.008835341365461848,0.013815248317044244,88.61466639097142
1.1407284936038422,0.26593036316995805,0.001606425702811245,0.010040160642570281,0.013361321428999432,78.8158101712053
0.6274523228977613,0.10935926120117687,0.0012048192771084338,0.007429718875502009,0.00554743084987661,30.502299923675825
0.9857124102891022,0.17281828140564598,0.001606425702811245,0.0072289156626506035,0.008735842660523595,64.71009874961527
1.1102447249824514,0.2323055100469161,0.0018072289156626509,0.008634538152610442,0.011689528238680375,77.22836873820768
0.14916411008804487,0.027584826720688446,0.0018072289156626509,0.007630522088353414,0.001493708941004911,4.676856173104582
0.9835343108372914,0.2667949516327747,0.0018072289156626509,0.011244979919678716,0.013392747581463207,56.5296981935124
1.090740167468325,0.22882481427880996,0.0014056224899598394,0.008835341365461848,0.011511039968682205,61.03466486855416
1.1710228626756085,0.22911391120766333,0.0012048192771084338,0.008232931726907632,0.011541945579951808,82.91251455328505
0.9234208299213292,0.21293208267887964,0.001606425702811245,0.009638554216867469,0.01071041249436033,53.68052016965768
1.0030880415950274,0.2058272160736848,0.001606425702811245,0.008232931726907632,0.010367363835283232,77.82644777961063
0.860979062893372,0.17065458483774443,0.0012048192771084338,0.008634538152610442,0.008597661551851729,42.786893980260274
1.2336305815992405,0.34856065445123124,0.001606425702811245,0.011646586345381526,0.01749390782489855,83.28274030877213
1.1986534060408018,0.2522302611103026,0.0012048192771084338,0.009437751004016065,0.012689037958088937,83.58681150857011
0.7655029977216797,0.1302183288939374,0.0014056224899598394,0.0070281124497991974,0.006601392649162145,51.98115128117477
0.4182385750174589,0.06073756688505447,0.0014056224899598394,0.006024096385542169,0.0031477798301004956,21.094220624978433
0.5127339516288066,0.09127272330678891,0.0014056224899598394,0.0072289156626506035,0.0046651698087974,22.89580281665895
1.0944763363839067,0.2377018780572544,0.001606425702811245,0.009236947791164659,0.011952399538155956,80.30303369948709
0.7201331882168979,0.09699884985239322,0.0010040160642570282,0.0050200803212851405,0.004990424352673035,85.05626015811414
0.2023812411512611,0.03240897287961371,0.001606425702811245,0.005823293172690763,0.0017190144695267272,8.80205508790758
0.8115405600661291,0.21756740519332782,0.0018072289156626509,0.01104417670682731,0.01092516493473074,38.75346171192042
0.3552001970264816,0.06982519537373877,0.0012048192771084338,0.006626506024096387,0.003582277893690613,14.374675932477599
0.19987468277854786,0.04981888878273245,0.0018072289156626509,0.009839357429718877,0.002564149279780931,6.067878503873314
0.9098689313904157,0.14689237593764984,0.0012048192771084338,0.007028112449799196,0.007458650208719675,52.91183392429119
0.7674758811911999,0.16236426500374265,0.0014056224899598394,0.008433734939759036,0.008197231211172128,39.05472459730519
0.8224483977321999,0.2091718383920912,0.0020080321285140565,0.010843373493975905,0.010507989653545368,39.61559313692734
0.43941665347429787,0.08492190967297074,0.0018072289156626509,0.00783132530120482,0.004322949158665332,19.131973249837507
0.8851080572608606,0.17640904543801142,0.0012048192771084338,0.008232931726907632,0.008889117062347919,47.00200919628033
1.2212918111250104,0.3488485933332888,0.0018072289156626509,0.012248995983935744,0.017510121855761878,76.58462386042835
1.1407491541961625,0.254932429235917,0.0014056224899598394,0.009236947791164659,0.012822324354865905,77.11853819367242
0.9989187073224806,0.1703287177660728,0.0012048192771084338,0.006626506024096385,0.008614083064736327,72.80399916504577
1.1780134790912202,0.3264402515237265,0.0018072289156626509,0.012248995983935744,0.016388097597495398,83.4292162433155
1.1378842200006745,0.2906869399112104,0.001606425702811245,0.011244979919678716,0.014612885206168848,72.40150981895952
1.234485946154204,0.2457043363833505,0.0014056224899598394,0.008032128514056226,0.012355372185147751,99.53629639783942
0.03398503121110536,-5.291567109418815e-05,0.0,0.00020080321285140604,0.0002301383156682398,0.05506636599373893
0.6353503265017458,0.11236867786045428,0.0014056224899598394,0.007228915662650602,0.00570915500146558,30.287102090978422
0.326546440323089,0.06271172286487268,0.001606425702811245,0.00783132530120482,0.0032312061709284163,12.400408324683676
0.820127377824624,0.17114315172689026,0.001606425702811245,0.008634538152610442,0.008636100489383288,55.61624148825787
0.9586099104375475,0.19973215977345044,0.0014056224899598394,0.008433734939759036,0.010060882354254848,52.78736487051724
0.6495207582434624,0.1538237160063953,0.0014056224899598394,0.009839357429718875,0.007738548712467177,26.971795849346147
0.30501769569292064,0.061674702462867395,0.0020080321285140565,0.008433734939759036,0.0031511017894304077,10.739312555507741
1.168432187598985,0.3102634072390314,0.001606425702811245,0.011646586345381526,0.015575015651457379,80.51116282400692
0.7375754733809753,0.17901464507305662,0.0018072289156626509,0.010040160642570281,0.00902072226596116,34.19432025860842
0.1707606540892115,0.03232881055027836,0.0026104417670682733,0.007429718875502008,0.0017018094070226071,5.181961819500536
1.0314890877236396,0.251972386334435,0.0018072289156626509,0.010642570281124497,0.012661829274780321,62.89082311245223
1.0135346710918323,0.23137488692425257,0.0018072289156626509,0.00963855421686747,0.011642180764471745,66.16863879674145
0.6876625862733187,0.1305819483300011,0.0014056224899598394,0.007831325301204818,0.006615579022948077,31.256788272932734
0.8515227526654428,0.16306965239394916,0.0014056224899598394,0.00783132530120482,0.008229666294706279,45.929730108805
0.5197219669138557,0.075199490037413,0.0012048192771084338,0.006024096385542168,0.003897549622603651,29.19751694788626
0.9529068514020025,0.21976270038632176,0.001606425702811245,0.009236947791164659,0.011048115095020853,56.797469530403035
1.2418521564094072,0.30284395801945,0.001606425702811245,0.010240963855421687,0.015203871399286719,91.76043316979377
1.1638679337107918,0.24560675826042544,0.0014056224899598394,0.009036144578313253,0.01234993561845275,96.57183771707942
0.6833074135667486,0.17663439916953608,0.001606425702811245,0.0106425702811245,0.008876504013042144,25.784448146222026
1.0656844373900716,0.2269782609324641,0.001606425702811245,0.008032128514056226,0.011420600659005433,94.74076127357922
0.22060416288460818,0.044710344916460774,0.0018072289156626509,0.008232931726907632,0.0023167582285736088,6.992648377843825
0.914062367269708,0.15439513553159168,0.0014056224899598394,0.006626506024096386,0.007817295649519997,61.0984072371619
0.926655468260831,0.20592381345756197,0.0014056224899598394,0.009437751004016063,0.010350216022594592,50.56061537306956
0.8899737666900329,0.15676462039017938,0.0012048192771084338,0.0070281124497991974,0.007937447481399197,46.35854574905556
0.7634897070589286,0.19959073801299643,0.0014056224899598394,0.010642570281124497,0.010027881659534199,29.36227411354708
1.276582450540591,0.3666978242260068,0.0020080321285140565,0.01244979919678715,0.0184085110043249,90.22073496526049
0.7678727700245068,0.1827841164645226,0.001606425702811245,0.009839357429718877,0.009207993781455856,39.92482328610464
0.2414168224367753,0.044458756101408044,0.0018072289156626509,0.008232931726907632,0.002319777099580308,9.08900875390306
1.0925868152026228,0.2209176931584743,0.0014056224899598394,0.008433734939759036,0.01112517986028916,74.01323465931169
0.7619911265561244,0.14177559399492237,0.001606425702811245,0.007429718875502008,0.0071576950816964885,42.38493185030654
1.1541177935661004,0.2522207726933637,0.0014056224899598394,0.009437751004016065,0.012682942961455753,77.04421405335894
0.3188518464567657,0.062051666982591194,0.0012048192771084338,0.007630522088353414,0.0031929905387454538,11.505716054136183
1.023505201725716,0.20023495622303972,0.0014056224899598394,0.008032128514056226,0.010099457479601533,70.56997201678224
0.7832313024969737,0.14875546053379268,0.0014056224899598394,0.008032128514056226,0.007508966825599707,46.49524583867928
0.8373415025243665,0.19042355508231495,0.001606425702811245,0.00923694779116466,0.009591416130958616,42.925008841390586
0.885156239643089,0.16490832753093226,0.0012048192771084338,0.00783132530120482,0.008345393442443288,48.01905322491322
1.2203116449470257,0.2650488579633727,0.0014056224899598394,0.008634538152610442,0.013316776075462089,83.75451072468478
1.0424901889862623,0.23243027782748502,0.0014056224899598394,0.009839357429718875,0.01168588754641843,69.82328699110184
1.0067433949973152,0.2492782493289359,0.001606425702811245,0.010441767068273093,0.012517688345955777,55.46329795770567
1.1065060383707594,0.21442454933900934,0.0014056224899598394,0.007630522088353415,0.01081911011925562,98.03288662531551
1.1984008210127044,0.25809591263733783,0.0014056224899598394,0.008634538152610442,0.012980807467255646,83.61268507227526
0.8085802464388885,0.20855664321100847,0.0014056224899598394,0.00963855421686747,0.0104823165238898,35.87014473248842
0.1411573912795593,0.023882545405610682,0.0030120481927710845,0.0048192771084337345,0.001278459760302382,4.081487885709334
0.33173736534112236,0.08935755509335813,0.0018072289156626509,0.009839357429718875,0.0045127791324397985,10.715612636831185
1.0136746917104138,0.25279824927453226,0.0014056224899598394,0.011244979919678716,0.012695694471112351,51.238067893387104
0.36675191812180324,0.0851993840164717,0.002208835341365462,0.010441767068273093,0.004338939545788122,11.848002550978398
0.8432274906692308,0.15150623053495424,0.0014056224899598394,0.007630522088353415,0.007657389460634595,47.3985894388276
0.4327003028692404,0.09268562572732268,0.0020080321285140565,0.008634538152610442,0.004735442007365331,19.692938705568874
0.2691049690247246,0.06696867235040847,0.0018072289156626509,0.009638554216867469,0.0034153682806123847,9.259119516831715
1.1962525661839238,0.22737835002085333,0.0012048192771084338,0.007028112449799197,0.011454850860596872,94.16477124417555
0.9767975285490309,0.1934760859781567,0.0014056224899598394,0.00783132530120482,0.009751742006837476,64.30794958935255
0.0672922333156285,0.009346839295361937,0.0036144578313253013,0.002008032128514056,0.0006028525116568783,1.249762799824461
0.144871828161158,0.028116054837408238,0.00321285140562249,0.0030120481927710845,0.001495568027478283,4.029545893933861
0.5670190925437815,0.10944711975116075,0.0012048192771084338,0.00823293172690763,0.0055517572954155835,21.615358517623918
0.7596848335383822,0.1302655311609064,0.0014056224899598394,0.0070281124497991974,0.006636655976716475,50.8499988145318
0.8540878879856771,0.20464980733458057,0.001606425702811245,0.010843373493975905,0.010286639086385769,40.95402296270771
1.0290178214709873,0.16458020603558776,0.0012048192771084338,0.006626506024096385,0.008339984890242689,90.15189613620332
1.082904287120377,0.22901983560829012,0.001606425702811245,0.008032128514056224,0.011531245935484477,93.28417480013124
1.1229183102369342,0.25385500035210784,0.0014056224899598394,0.009036144578313254,0.012748803887640785,73.13877084455083
1.2123058895613357,0.3125637543667226,0.001606425702811245,0.011244979919678714,0.015693548685803877,85.60786998383652
0.8538127191288973,0.18956511151756678,0.0014056224899598394,0.009437751004016065,0.009540342676360744,41.06780709473061
0.7830828582746479,0.20042567650069334,0.0018072289156626509,0.009839357429718875,0.010081806220828264,38.74099742880174
0.9023560675854408,0.25624567491897837,0.0018072289156626509,0.011847389558232932,0.01286421437128685,44.91586509424456
0.04952817104847694,0.005611834649899835,0.005622489959839357,0.0004016064257028121,0.000424547591733778,0.8861008040897622
0.7953652194416477,0.1326155677984598,0.0014056224899598394,0.0070281124497991974,0.006762218708470922,50.58035666858216
0.9754715940826889,0.1679262706979677,0.0012048192771084338,0.006827309236947791,0.008502109377337417,65.29027148688279
1.059353928519734,0.22647136300628423,0.001606425702811245,0.00923694779116466,0.011393513243234206,62.47391707926667
0.9949928569399683,0.20541303608965258,0.0012048192771084338,0.008835341365461848,0.010339804361049093,54.00845266753005
1.0972036178033708,0.24695366619653417,0.001606425702811245,0.009236947791164659,0.012401484920376649,75.45430199971481
0.3840333162762283,0.053154561672684675,0.0012048192771084338,0.005622489959839358,0.0027737348934889256,20.967895847932137
0.9695457206089005,0.2161639431359937,0.001606425702811245,0.010040160642570281,0.010881775925182274,64.21998927185061
1.0532291607373532,0.25037642596981563,0.001606425702811245,0.010040160642570281,0.01258229107183159,58.906978282840484
0.6403885646013079,0.0625739087227098,0.0008032128514056226,0.004016064257028113,0.0032852329588009222,60.88524050947085
1.2414467126425774,0.2463986903155497,0.0014056224899598394,0.008433734939759036,0.012410787037073491,99.4570325493314
0.7465004449991274,0.10832790186702157,0.0012048192771084338,0.006024096385542169,0.005546991879270928,48.17611874248387
0.03366882643269999,0.001007957367028466,0.015461847389558234,0.00040160642570280514,0.0002475594726897365,0.16833929268421643
1.297758159001627,0.3145957021714206,0.0012048192771084338,0.010240963855421687,0.015794836216478935,72.49376338109106
0.7594351149175411,0.1900707808037396,0.0020080321285140565,0.010240963855421687,0.00956005096587605,40.03491550983516
0.7513849675168951,0.10018780186250666,0.0010040160642570282,0.005220883534136547,0.005169680344269965,60.21131129383564
1.292136653346179,0.3145030818876012,0.0014056224899598394,0.0106425702811245,0.01579266140375551,93.0543057900832
1.1355203700213177,0.22211999510517363,0.0012048192771084338,0.008032128514056226,0.011193059618544476,79.02280717433354
0.9876511043684421,0.1928212060002929,0.0014056224899598394,0.008433734939759036,0.009710569993308603,57.22458076240156
0.9846401746285893,0.21723580691389524,0.001606425702811245,0.008433734939759036,0.010927707896757613,66.12505275006929
0.25356247534170934,0.056195414823204,0.001606425702811245,0.008032128514056226,0.00288761071002745,7.971411881125967
0.9212512230688183,0.21799745832590225,0.0014056224899598394,0.00963855421686747,0.010950748581838404,50.838161299126064
0.917952879502591,0.23522904373432274,0.001606425702811245,0.010843373493975903,0.01182443776027813,44.03751864760254
0.32683391799504924,0.07409376730856661,0.001606425702811245,0.008032128514056226,0.0037687173251778074,11.595290598824537
0.9849787842871847,0.17777127988635563,0.0014056224899598394,0.0070281124497991974,0.008987170564497944,76.00377144857306
0.820695737906749,0.21589738359929192,0.001606425702811245,0.011244979919678714,0.010843361952265426,36.43282321835146
0.5064434096135733,0.0949499057798021,0.0018072289156626509,0.00823293172690763,0.0048333801629919975,24.53240609569646
1.1909108977408187,0.29518751406373045,0.0018072289156626509,0.011244979919678716,0.014829267220979513,85.32119914530234
0.800977031661691,0.14297744960371817,0.0012048192771084338,0.0070281124497991974,0.007234976595321866,41.18648075112075
0.6962525773259829,0.13918928388571924,0.001606425702811245,0.008032128514056224,0.007042111548417348,35.193710037131964
1.2475116950734924,0.27632281975462214,0.0014056224899598394,0.009437751004016065,0.013893214167905107,87.48784953988348
0.8246096653731134,0.15565124277558187,0.0012048192771084338,0.008032128514056226,0.007860219752388911,40.5950068138183
0.7802353572153397,0.1336963831374221,0.0014056224899598394,0.007228915662650603,0.006781266330660561,48.520226531121125
0.25447473824047595,0.04371594037319975,0.0014056224899598394,0.006626506024096385,0.002308610098023251,10.76343059512248
1.0060911672020016,0.1980745784228656,0.0014056224899598394,0.00783132530120482,0.009984176309811944,72.75465626729356
0.06433335148281738,0.006880019898434127,0.0030120481927710845,0.0026104417670682733,0.0005103564700729018,1.5883555560202822
0.9547543388064682,0.19884356485749596,0.001606425702811245,0.008835341365461847,0.010021965675160631,67.70066495379596
0.8411876996605799,0.1609231253095714,0.0014056224899598394,0.008032128514056224,0.008119824580379907,49.22464401118714
0.7230462901445323,0.15361650088192116,0.0014056224899598394,0.009437751004016063,0.007736624157164748,32.499488978414036
0.4183491058112791,0.07497356320061536,0.0012048192771084338,0.006827309236947791,0.0038371931668868286,16.189017382699365
1.0727751233934055,0.2612644928015371,0.001606425702811245,0.010240963855421687,0.01311897513668122,63.19744311327976
0.738269031729533,0.16474316518906687,0.0014056224899598394,0.009437751004016065,0.008308033549835902,32.11643622599026
0.8890180509226784,0.1761549205698125,0.001606425702811245,0.008032128514056224,0.00888845456433286,53.44505512902836
0.98321024287273,0.23218495017024116,0.001606425702811245,0.010240963855421687,0.01167070832030217,58.92250266514664
1.1816948547403079,0.25999383573020374,0.0014056224899598394,0.009437751004016065,0.01307062429657172,80.55186355958325
0.3869907518198211,0.08505787166278478,0.001606425702811245,0.008032128514056224,0.004329991884610628,13.815262486186697
1.2276665721126159,0.2923922956502022,0.0014056224899598394,0.010240963855421687,0.014689231537756704,93.48020152836398
0.8030886724200406,0.17608417160666057,0.0014056224899598394,0.008634538152610442,0.00888124680165755,42.823223076811004
1.2033863544347911,0.299266242114768,0.001606425702811245,0.010441767068273093,0.015030639935044452,73.11093119300335
0.5799223567926086,0.13315123879355437,0.0014056224899598394,0.009638554216867469,0.006717165966761905,23.667248934520668
1.2727563915142575,0.25282961312365326,0.0012048192771084338,0.008433734939759036,0.01272804657187299,87.8153370921342
0.8185191447484906,0.20098270318483846,0.001606425702811245,0.010240963855421687,0.010094681900233113,41.029085983819535
0.9430111325942416,0.19504980435051586,0.0014056224899598394,0.008433734939759036,0.009815363119556532,51.3343469723755
1.2223858138612294,0.2504345987337812,0.0012048192771084338,0.009036144578313254,0.012603640601108383,93.79991459254494
0.21916900927041894,0.05222343347582932,0.002208835341365462,0.009839357429718877,0.002646938086462508,6.130944851471387
0.3593851737474784,0.08562311413323262,0.001606425702811245,0.00923694779116466,0.00433578351058195,13.457204109061372
1.1622403678394637,0.29008440428382903,0.001606425702811245,0.0106425702811245,0.014564977988274455,72.05866948357526
0.6652356962606002,0.16672943972251641,0.001606425702811245,0.010240963855421687,0.008390446148748081,30.042327498209232
0.2687672164377454,0.049746692940135846,0.0014056224899598394,0.006827309236947791,0.0025634423187722677,9.002777387127736
0.1661664832213331,0.0302709401443123,0.0018072289156626509,0.006425702811244979,0.0016414427402739764,5.1891849729252755
0.9822127796863966,0.24654317351037094,0.0014056224899598394,0.011646586345381526,0.01237828138096218,44.61928658648306
1.2829011644188422,0.3289665691089779,0.001606425702811245,0.011646586345381528,0.016519768807991473,87.9207327114513
0.8784053233100666,0.14221285213983872,0.0012048192771084338,0.006626506024096385,0.007218306230497963,54.66875905345763
0.4634590985614089,0.10921547279693454,0.0018072289156626509,0.009236947791164659,0.0055006040241604975,17.075272141319864
0.6001066535073382,0.15784400032601156,0.0020080321285140565,0.010843373493975905,0.00793498179239629,23.941744006015586
0.9377202720763348,0.20635886291448377,0.0014056224899598394,0.009437751004016065,0.010394587978038246,50.25024933806329
0.7933565049795174,0.1699439092378675,0.0014056224899598394,0.009236947791164659,0.00857501650876306,38.56838509086945
1.0832791556546748,0.2080488286189509,0.0012048192771084338,0.00783132530120482,0.010494629975248455,85.57428088537661
0.9836662367721026,0.18388197274229656,0.0014056224899598394,0.007429718875502008,0.009300163469943928,81.48250123356983
0.9120548472485055,0.1487434540847759,0.0012048192771084338,0.006425702811244979,0.007563074921348783,64.6088971767475
1.0882837733410984,0.20700333860257694,0.0014056224899598394,0.00783132530120482,0.010427321616046793,94.41448867150397
0.47896649017556864,0.06879591201169238,0.001606425702811245,0.006024096385542169,0.0035823850947905647,22.665142649254612
1.098118569557415,0.24138372742237613,0.0014056224899598394,0.009236947791164659,0.012127982371523124,63.204404458863074
1.0894781396912505,0.26091588912372604,0.001606425702811245,0.009839357429718877,0.013106753323593515,68.43595275509851
0.14364152561381566,0.02758473093547694,0.0012048192771084338,0.008032128514056226,0.0014850859875686485,4.310740765642307
0.6591844424525282,0.12226423791502038,0.0010040160642570282,0.00783132530120482,0.006210787184270323,27.714386635672483
0.9928236878933476,0.24427674849701975,0.001606425702811245,0.010040160642570281,0.012285546574741978,62.998893406925085
1.0835683154959763,0.21991868936153122,0.0014056224899598394,0.008433734939759036,0.011070940975065176,79.61055939547985
1.0195685321246306,0.2711423848395825,0.0020080321285140565,0.011646586345381526,0.013618371931113772,58.86213522243031
0.624632944999268,0.1489670063235329,0.0018072289156626509,0.009839357429718875,0.007504943048401615,26.975119321251697
1.1782564088997478,0.2917106525129855,0.001606425702811245,0.009839357429718877,0.014660159205927885,89.39049325092269
0.9478000736272424,0.22645258006785618,0.0018072289156626509,0.009839357429718877,0.011381269699262413,50.885390316948545
1.2481833539831237,0.3313538517169529,0.0018072289156626509,0.010843373493975905,0.01663441967729803,97.37415881800213
0.487936566554547,0.12949481862631648,0.002208835341365462,0.011646586345381528,0.006506739528112975,17.53082152845249
0.5653714189008772,0.12382677904537508,0.0020080321285140565,0.009036144578313254,0.0062602055242543635,26.060752733636182
0.10500210364787929,0.022235646090503196,0.0024096385542168677,0.005220883534136547,0.0011914598947844598,2.713444441210233
0.980746511032013,0.2619163628416735,0.0018072289156626509,0.0106425702811245,0.013150206727950692,52.55724417255663
1.327599707362218,0.35976550570229415,0.001606425702811245,0.011847389558232932,0.01806339824526011,98.82457926196246
1.1242862121921766,0.28110009059305924,0.001606425702811245,0.010441767068273093,0.014110936422704088,76.6513663875772
0.2625041218431163,0.05596815034791633,0.002208835341365462,0.008835341365461848,0.0028688566541860525,9.157666865300518
0.4382602853299899,0.09976573169419742,0.0014056224899598394,0.008835341365461847,0.0050482645648431135,16.40405278280621
1.218655780190872,0.2783800984802523,0.0014056224899598394,0.00963855421686747,0.013986716480353063,78.67893853446594
0.16609587571531598,0.035919607706636124,0.0020080321285140565,0.007028112449799197,0.0018790133658722224,5.258133189999137
1.0170297022645716,0.16392155687987897,0.0012048192771084338,0.006425702811244981,0.008301777858272326,76.18375144076019
1.1461962776346828,0.24589160016647116,0.0014056224899598394,0.009036144578313253,0.012366465381930276,90.12292140037775
1.1853395688037665,0.23721196838505812,0.0014056224899598394,0.008634538152610442,0.011929387362054263,90.1231247709659
0.4102871703848616,0.07319973804125933,0.0012048192771084338,0.0074297188755020095,0.0037561467679683943,17.050750809403436
1.2698088482325909,0.3326118123930628,0.0018072289156626509,0.01104417670682731,0.016693842206160117,91.69060950752659
0.7970682254791401,0.17092436872351233,0.001606425702811245,0.009036144578313253,0.008622520391326724,43.83528393187408
1.0314925394430445,0.2722494449063267,0.001606425702811245,0.01104417670682731,0.01366480572200948,59.22868674912013
0.928282384684419,0.16701176361948586,0.0014056224899598394,0.0074297188755020095,0.008446833701052469,63.570312790484785
0.390819072991646,0.0668481082907068,0.0014056224899598394,0.006626506024096385,0.0034444418780401552,16.513627432325983
0.6795994446860213,0.172532227457906,0.0018072289156626509,0.009839357429718875,0.008674073097026402,31.902620341351806
1.1443651752126107,0.2541832484790772,0.0014056224899598394,0.009437751004016065,0.012782039791767402,91.6479320082274
0.325693074695634,0.06610924144156916,0.001606425702811245,0.008032128514056224,0.003392832020374461,12.506113721173662
0.1659044779623073,0.0352932774913876,0.002208835341365462,0.007831325301204818,0.001855400183910939,4.42629141583939
0.8631963841668774,0.22275798219873935,0.001606425702811245,0.011445783132530122,0.011183706863652594,37.89998071304011
0.6816786166686286,0.14725076713776744,0.001606425702811245,0.008634538152610442,0.007435732259831786,31.509572175340562
1.2883322895492617,0.3059712419644479,0.0014056224899598394,0.010240963855421687,0.015367989430215768,97.2847326083607
0.7185732433986173,0.16556452971713598,0.001606425702811245,0.009236947791164659,0.008329764095293561,34.40454911118845
0.6836661464182244,0.16269890622526384,0.001606425702811245,0.010040160642570281,0.00818292285824192,32.32564658907755
0.916427550926592,0.2657270999664095,0.0018072289156626509,0.01285140562248996,0.013340121444218042,45.13766136898527
0.21449850488954308,0.0495271404198742,0.0020080321285140565,0.009437751004016065,0.002547053952862828,6.845489703953533
0.9235825227221086,0.23160902484895962,0.001606425702811245,0.010441767068273093,0.011632391044743135,46.685398341007435
1.1623726871816094,0.2846358115948565,0.001606425702811245,0.010843373493975903,0.014304128600708392,86.55951965231338
1.2487231872135698,0.2827947165866498,0.0014056224899598394,0.00963855421686747,0.01421282463141996,99.05889424722253
1.0195694314448567,0.1972408717011422,0.0012048192771084338,0.007831325301204818,0.009946231771294963,47.017728209829315
1.3022638214088318,0.33081964963051047,0.001606425702811245,0.011044176706827311,0.01660636922583886,89.0775247697797
0.9434590130381247,0.24086423075237154,0.001606425702811245,0.0106425702811245,0.012100212634384036,47.40408487856712
0.4245344111603386,0.06618916114575013,0.0012048192771084338,0.006024096385542169,0.003453601319188592,16.647338200834017
0.8566284842134819,0.1993892570050847,0.0018072289156626509,0.009437751004016065,0.010024259857579688,51.514599278292096
0.1913897997928717,0.045838955226052865,0.002208835341365462,0.009036144578313253,0.002346516501946695,5.679933358107059
1.003142583712078,0.16719378503735724,0.0012048192771084338,0.007028112449799196,0.008467712073579619,77.76099728388999
0.9238681262667594,0.19602577414922384,0.0014056224899598394,0.008634538152610442,0.009869470972071304,64.99879665645429
0.7980387706277212,0.16210784530953773,0.0014056224899598394,0.008032128514056226,0.008179025656094952,40.434541771546904
0.6993291712009299,0.1666234142361295,0.001606425702811245,0.010642570281124497,0.00837908238162223,29.444498420583198
1.2391422451423146,0.3000081344648041,0.0014056224899598394,0.010843373493975905,0.015078565830433485,92.24972885495937
0.951700304445354,0.2247618955948783,0.0014056224899598394,0.009839357429718875,0.011296000270477686,51.33541882998958
0.9356656131748207,0.1898623463556643,0.0014056224899598394,0.008433734939759036,0.009568388225197176,51.77216105162552
0.3577374567330812,0.10416474281741764,0.0018072289156626509,0.011244979919678716,0.005244321209933382,10.862598749231612
